author,content,lxical richness,segement length,sentence length,Nounword,Verbword,Adjectiveword,determinerword,numeral,adverb,To_word,preposition,comma,fullStop,pronun,WH_pronun,questionMark,semicolon,exclamationMark
AaronPressman,421829newsML.txt,0.485207101,165.3478261,108.6571429,0.289940828,0.173076923,0.053254438,0.107988166,0.013313609,0.041420118,0.025147929,0.094674556,0.051775148,0.041420118,0,0,0,0,0
AaronPressman,424074newsML.txt,0.561038961,154,107.8,0.296103896,0.135064935,0.083116883,0.106493506,0.049350649,0.028571429,0.015584416,0.124675325,0.044155844,0.038961039,0,0,0,0,0
AaronPressman,42764newsML.txt,0.47766323,188.6176471,130.877551,0.325601375,0.145189003,0.067010309,0.112542955,0.02233677,0.036941581,0.024054983,0.116838488,0.048969072,0.0395189,0,0,0,0,0
AaronPressman,43033newsML.txt,0.609289617,159.2142857,131.1176471,0.371584699,0.133879781,0.06557377,0.101092896,0.008196721,0.030054645,0.024590164,0.103825137,0.057377049,0.038251366,0,0,0,0,0
AaronPressman,433558newsML.txt,0.483870968,222.3157895,96,0.330322581,0.138064516,0.054193548,0.105806452,0.012903226,0.041290323,0.032258065,0.122580645,0.052903226,0.04,0,0,0,0,0
AaronPressman,436774newsML.txt,0.535496957,190.0666667,118.7916667,0.302231237,0.133874239,0.097363083,0.09127789,0.024340771,0.022312373,0.018255578,0.115618661,0.060851927,0.038539554,0,0,0,0,0
AaronPressman,439561newsML.txt,0.475247525,171.65,100.9705882,0.328382838,0.130363036,0.077557756,0.089108911,0.03960396,0.034653465,0.018151815,0.135313531,0.041254125,0.037953795,0,0,0,0,0
AaronPressman,450383newsML.txt,0.492131617,160.64,138.4827586,0.363376252,0.128755365,0.052932761,0.105865522,0.011444921,0.034334764,0.024320458,0.103004292,0.055793991,0.040057225,0,0,0,0,0
AaronPressman,450788newsML.txt,0.533477322,170.5625,136.45,0.362850972,0.114470842,0.071274298,0.103671706,0.012958963,0.030237581,0.025917927,0.101511879,0.056155508,0.03887689,0,0,0,0,0
AaronPressman,466275newsML.txt,0.575757576,176.9285714,130.3684211,0.31002331,0.142191142,0.060606061,0.114219114,0.041958042,0.037296037,0.03030303,0.086247086,0.044289044,0.037296037,0,0,0,0,0
AaronPressman,469448newsML.txt,0.473029046,200.0909091,115.8421053,0.333333333,0.156293223,0.067773167,0.109266943,0.004149378,0.034578147,0.038727524,0.10373444,0.048409405,0.04011065,0,0,0,0,0
AaronPressman,478157newsML.txt,0.506566604,168.1764706,105.8888889,0.318949343,0.148217636,0.063789869,0.091932458,0.041275797,0.045028143,0.024390244,0.09380863,0.061913696,0.04315197,0,0,0,0,0
AaronPressman,479564newsML.txt,0.504743833,177.5625,105.2222222,0.322580645,0.149905123,0.064516129,0.092979127,0.039848197,0.045540797,0.024667932,0.09487666,0.062618596,0.043643264,0,0,0,0,0
AaronPressman,482034newsML.txt,0.533980583,184.5625,123.0416667,0.310679612,0.14368932,0.089320388,0.099029126,0.017475728,0.033009709,0.031067961,0.104854369,0.05631068,0.040776699,0,0,0,0,0
AaronPressman,486982newsML.txt,0.47768595,194.1111111,134.3846154,0.327272727,0.148760331,0.07768595,0.085950413,0.003305785,0.041322314,0.031404959,0.104132231,0.056198347,0.034710744,0,0,0,0,0
AaronPressman,491060newsML.txt,0.536474164,189.85,108.4857143,0.337386018,0.167173252,0.044072948,0.104863222,0.016717325,0.02887538,0.022796353,0.11550152,0.041033435,0.037993921,0,0,0,0,0
AaronPressman,491643newsML.txt,0.517094017,202.8,119.2941176,0.319088319,0.170940171,0.055555556,0.105413105,0.027065527,0.02991453,0.027065527,0.121082621,0.035612536,0.037037037,0,0,0,0,0
AaronPressman,492068newsML.txt,0.461279461,183.9615385,116.6585366,0.248035915,0.179573513,0.058361392,0.102132435,0.04040404,0.034792368,0.024691358,0.097643098,0.051627385,0.04040404,0,0,0,0,0
AaronPressman,492770newsML.txt,0.48125,166.6818182,107.8529412,0.346875,0.1328125,0.084375,0.1109375,0.015625,0.0265625,0.01875,0.0890625,0.0640625,0.0375,0,0,0,0,0
AaronPressman,493876newsML.txt,0.478978979,170.9545455,96.43589744,0.334834835,0.142642643,0.088588589,0.105105105,0.016516517,0.033033033,0.016516517,0.07957958,0.067567568,0.040540541,0,0,0,0,0
AaronPressman,493995newsML.txt,0.508561644,169.2105263,114.8214286,0.303082192,0.15239726,0.078767123,0.101027397,0.01369863,0.034246575,0.020547945,0.092465753,0.066780822,0.042808219,0,0,0,0,0
AaronPressman,494466newsML.txt,0.48125,166.6818182,107.8529412,0.346875,0.1328125,0.084375,0.1109375,0.015625,0.0265625,0.01875,0.0890625,0.0640625,0.0375,0,0,0,0,0
AaronPressman,496933newsML.txt,0.448198198,196.2916667,107.0681818,0.248873874,0.179054054,0.054054054,0.103603604,0.040540541,0.03490991,0.023648649,0.096846847,0.05518018,0.040540541,0,0,0,0,0
AaronPressman,507230newsML.txt,0.562945368,212.8181818,123.2105263,0.29216152,0.156769596,0.057007126,0.116389549,0.040380048,0.03087886,0.028503563,0.09263658,0.038004751,0.038004751,0,0,0,0,0
AaronPressman,517526newsML.txt,0.563679245,156.625,131.8947368,0.306603774,0.146226415,0.077830189,0.096698113,0.007075472,0.063679245,0.025943396,0.106132075,0.037735849,0.037735849,0,0,0,0,0
AaronPressman,518507newsML.txt,0.56466877,152.0833333,121.6666667,0.321766562,0.151419558,0.050473186,0.129337539,0.022082019,0.050473186,0.028391167,0.100946372,0.031545741,0.044164038,0,0,0,0,0
AaronPressman,539259newsML.txt,0.480701754,168.35,112.2333333,0.315789474,0.157894737,0.064912281,0.114035088,0.007017544,0.035087719,0.029824561,0.092982456,0.045614035,0.042105263,0,0,0,0,0
AaronPressman,544012newsML.txt,0.518010292,183,112.1612903,0.32761578,0.14922813,0.077186964,0.121783877,0.012006861,0.024013722,0.027444254,0.094339623,0.051457976,0.037735849,0,0,0,0,0
AaronPressman,566383newsML.txt,0.789473684,115.5,77,0.394736842,0.144736842,0.052631579,0.105263158,0,0.013157895,0.026315789,0.078947368,0.065789474,0.039473684,0,0,0,0,0
AaronPressman,581517newsML.txt,0.534562212,163.125,113.4782609,0.359447005,0.140552995,0.052995392,0.131336406,0,0.036866359,0.025345622,0.103686636,0.036866359,0.043778802,0,0,0,0,0
AaronPressman,582759newsML.txt,0.534883721,174.1333333,113.5652174,0.360465116,0.141860465,0.053488372,0.130232558,0,0.037209302,0.025581395,0.104651163,0.037209302,0.044186047,0,0,0,0,0
AaronPressman,582927newsML.txt,0.514886165,153.5238095,107.4666667,0.302977233,0.152364273,0.070052539,0.078809107,0.012259194,0.038528897,0.021015762,0.122591944,0.057793345,0.036777583,0,0,0,0,0
AaronPressman,583229newsML.txt,0.539568345,168.3333333,105.2083333,0.354916067,0.146282974,0.052757794,0.127098321,0,0.038369305,0.023980815,0.100719424,0.040767386,0.047961631,0,0,0,0,0
AaronPressman,593702newsML.txt,0.622641509,157.6666667,82.26086957,0.377358491,0.163522013,0.053459119,0.097484277,0.006289308,0.018867925,0.025157233,0.113207547,0.028301887,0.040880503,0,0,0,0,0
AaronPressman,593715newsML.txt,0.542094456,193.9333333,107.7407407,0.310061602,0.158110883,0.075975359,0.09650924,0.008213552,0.039014374,0.028747433,0.110882957,0.041067762,0.04312115,0,0,0,0,0
AaronPressman,595361newsML.txt,0.542094456,194.2,107.8888889,0.310061602,0.158110883,0.075975359,0.09650924,0.008213552,0.039014374,0.028747433,0.110882957,0.041067762,0.04312115,0,0,0,0,0
AaronPressman,600865newsML.txt,0.506493506,176.8461538,114.95,0.275324675,0.194805195,0.080519481,0.077922078,0.018181818,0.036363636,0.028571429,0.106493506,0.062337662,0.044155844,0,0,0,0,0
AaronPressman,601962newsML.txt,0.539534884,180.7857143,120.5238095,0.320930233,0.165116279,0.053488372,0.1,0.006976744,0.025581395,0.030232558,0.106976744,0.051162791,0.037209302,0,0,0,0,0
AaronPressman,602451newsML.txt,0.5250501,175.3529412,119.24,0.314629259,0.166332665,0.082164329,0.086172345,0.012024048,0.042084168,0.022044088,0.100200401,0.06012024,0.046092184,0,0,0,0,0
AaronPressman,602453newsML.txt,0.506493506,176.9230769,115,0.275324675,0.194805195,0.080519481,0.077922078,0.018181818,0.036363636,0.028571429,0.106493506,0.062337662,0.044155844,0,0,0,0,0
AaronPressman,605443newsML.txt,0.564583333,180.25,120.1666667,0.314583333,0.170833333,0.072916667,0.072916667,0.00625,0.039583333,0.025,0.08125,0.060416667,0.039583333,0,0,0,0,0
AaronPressman,606238newsML.txt,0.548209366,187.0833333,132.0588235,0.303030303,0.151515152,0.066115702,0.090909091,0.013774105,0.038567493,0.035812672,0.1184573,0.041322314,0.038567493,0,0,0,0,0
AaronPressman,608287newsML.txt,0.485312899,177.8461538,110.0952381,0.329501916,0.14559387,0.071519796,0.085568327,0.03192848,0.037037037,0.028097063,0.091954023,0.045977011,0.043422733,0,0,0,0,0
AaronPressman,629404newsML.txt,0.523809524,203.5789474,124.7741935,0.300595238,0.145833333,0.075892857,0.114583333,0.017857143,0.040178571,0.03125,0.114583333,0.044642857,0.041666667,0,0,0,0,0
AaronPressman,630942newsML.txt,0.523893805,160.7619048,135.04,0.30619469,0.153982301,0.084955752,0.097345133,0.019469027,0.026548673,0.033628319,0.090265487,0.040707965,0.038938053,0,0,0,0,0
AaronPressman,635785newsML.txt,0.609195402,182.6428571,75.20588235,0.328735632,0.156321839,0.062068966,0.082758621,0.036781609,0.045977011,0.020689655,0.089655172,0.050574713,0.045977011,0,0,0,0,0
AaronPressman,637021newsML.txt,0.528244275,172.7272727,108.5714286,0.305343511,0.149618321,0.076335878,0.117557252,0.018320611,0.041221374,0.024427481,0.088549618,0.041221374,0.042748092,0,0,0,0,0
AaronPressman,64508newsML.txt,0.508158508,165.5714286,105.3636364,0.319347319,0.142191142,0.074592075,0.102564103,0.016317016,0.023310023,0.03030303,0.081585082,0.104895105,0.041958042,0,0,0,0,0
AaronPressman,650163newsML.txt,0.482638889,174.2777778,108.1724138,0.329861111,0.154513889,0.064236111,0.098958333,0.043402778,0.03125,0.012152778,0.098958333,0.052083333,0.041666667,0,0,0,0,0
AaronPressman,653225newsML.txt,0.511111111,176.125,97.17241379,0.333333333,0.165656566,0.056565657,0.082828283,0.024242424,0.034343434,0.032323232,0.096969697,0.070707071,0.048484848,0,0,0,0,0
AlanCrosby,226494newsML.txt,0.522271715,113.9545455,52.77894737,0.311804009,0.120267261,0.074610245,0.095768374,0.080178174,0.024498886,0.020044543,0.109131403,0.03674833,0.034521158,0,0,0,0,0
AlanCrosby,236352newsML.txt,0.554848967,172.05,143.375,0.265500795,0.155802862,0.082670906,0.106518283,0.020667727,0.049284579,0.030206677,0.116057234,0.042925278,0.031796502,0,0,0,0,0
AlanCrosby,236574newsML.txt,0.562937063,173.3333333,135.6521739,0.272727273,0.152097902,0.078671329,0.113636364,0.019230769,0.048951049,0.033216783,0.127622378,0.038461538,0.034965035,0,0,0,0,0
AlanCrosby,238508newsML.txt,0.559649123,172.3888889,129.2916667,0.271929825,0.152631579,0.080701754,0.110526316,0.019298246,0.049122807,0.033333333,0.124561404,0.038596491,0.035087719,0,0,0,0,0
AlanCrosby,243204newsML.txt,0.472361809,176.6111111,79.475,0.279731993,0.123953099,0.090452261,0.10720268,0.048576214,0.038525963,0.025125628,0.095477387,0.063651591,0.033500838,0,0,0,0,0
AlanCrosby,258151newsML.txt,0.48733234,167.7272727,119.0322581,0.269746647,0.163934426,0.073025335,0.102831595,0.011922504,0.05514158,0.01490313,0.107302534,0.047690015,0.037257824,0,0,0,0,0
AlanCrosby,258421newsML.txt,0.499139415,177.3333333,106.4,0.285714286,0.163511188,0.072289157,0.099827883,0.012048193,0.049913941,0.015490534,0.115318417,0.04302926,0.04130809,0,0,0,0,0
AlanCrosby,263795newsML.txt,0.53046595,169,95.0625,0.308243728,0.132616487,0.105734767,0.082437276,0.034050179,0.034050179,0.03046595,0.105734767,0.055555556,0.03046595,0,0,0,0,0
AlanCrosby,266728newsML.txt,0.489596083,173.0769231,125,0.286413709,0.140758874,0.083231334,0.100367197,0.028151775,0.041615667,0.026927785,0.11872705,0.048959608,0.034271726,0,0,0,0,0
AlanCrosby,272695newsML.txt,0.511440108,185.952381,139.4642857,0.273216689,0.127860027,0.072678331,0.110363392,0.033647376,0.063257066,0.01076716,0.131897712,0.053835801,0.034993271,0,0,0,0,0
AlanCrosby,290616newsML.txt,0.585284281,163.4,77.80952381,0.351170569,0.100334448,0.070234114,0.093645485,0.066889632,0.033444816,0.006688963,0.113712375,0.036789298,0.030100334,0,0,0,0,0
AlanCrosby,292115newsML.txt,0.556574924,164.4545455,95.21052632,0.336391437,0.113149847,0.070336391,0.119266055,0.051987768,0.027522936,0.01529052,0.116207951,0.048929664,0.033639144,0,0,0,0,0
AlanCrosby,293241newsML.txt,0.586102719,158.1818182,108.75,0.3081571,0.120845921,0.057401813,0.069486405,0.066465257,0.03021148,0.048338369,0.093655589,0.054380665,0.036253776,0,0,0,0,0
AlanCrosby,295492newsML.txt,0.486656201,163.6818182,97.32432432,0.296703297,0.128728414,0.100470958,0.08477237,0.03610675,0.034536892,0.01255887,0.144427002,0.054945055,0.032967033,0,0,0,0,0
AlanCrosby,295770newsML.txt,0.486268174,160.7727273,93.07894737,0.305331179,0.122778675,0.10177706,0.084006462,0.035541195,0.032310178,0.011308562,0.147011309,0.051696284,0.035541195,0,0,0,0,0
AlanCrosby,302568newsML.txt,0.601503759,161,77.51851852,0.278195489,0.127819549,0.087719298,0.072681704,0.080200501,0.047619048,0.025062657,0.112781955,0.060150376,0.032581454,0,0,0,0,0
AlanCrosby,314352newsML.txt,0.55399061,159,97.84615385,0.323943662,0.11971831,0.08685446,0.103286385,0.077464789,0.018779343,0.016431925,0.124413146,0.039906103,0.030516432,0,0,0,0,0
AlanCrosby,315980newsML.txt,0.537960954,158.4705882,89.8,0.30802603,0.130151844,0.084598698,0.104121475,0.080260304,0.015184382,0.019522777,0.125813449,0.032537961,0.032537961,0,0,0,0,0
AlanCrosby,329867newsML.txt,0.477586207,160.15,110.4482759,0.286206897,0.131034483,0.075862069,0.118965517,0.063793103,0.031034483,0.022413793,0.125862069,0.04137931,0.034482759,0,0,0,0,0
AlanCrosby,329881newsML.txt,0.514563107,48.75510204,54.91954023,0.292475728,0.137135922,0.083737864,0.076456311,0.09223301,0.031553398,0.019417476,0.091019417,0.046116505,0.035194175,0,0,0,0,0
AlanCrosby,330057newsML.txt,0.518348624,115.744186,52.94680851,0.30733945,0.134174312,0.084862385,0.074541284,0.09059633,0.028669725,0.020642202,0.083715596,0.040137615,0.037844037,0,0,0,0,0
AlanCrosby,332131newsML.txt,0.480274443,167.7894737,106.2666667,0.284734134,0.130360206,0.075471698,0.114922813,0.070325901,0.027444254,0.022298456,0.118353345,0.041166381,0.034305317,0,0,0,0,0
AlanCrosby,332767newsML.txt,0.513043478,107.0232558,52.29545455,0.294409938,0.136645963,0.085714286,0.07826087,0.094409938,0.026086957,0.01863354,0.088198758,0.043478261,0.037267081,0,0,0,0,0
AlanCrosby,334192newsML.txt,0.521472393,163.4545455,124,0.253067485,0.144171779,0.101226994,0.093558282,0.039877301,0.033742331,0.01993865,0.127300613,0.062883436,0.032208589,0,0,0,0,0
AlanCrosby,334448newsML.txt,0.518181818,163.6363636,116.1290323,0.248484848,0.142424242,0.103030303,0.092424242,0.043939394,0.033333333,0.01969697,0.125757576,0.060606061,0.031818182,0,0,0,0,0
AlanCrosby,334550newsML.txt,0.490666667,162.6153846,55.63157895,0.282666667,0.12,0.08,0.106666667,0.104,0.032,0.008,0.117333333,0.048,0.037333333,0,0,0,0,0
AlanCrosby,336998newsML.txt,0.512765957,174.8666667,90.44827586,0.331914894,0.134042553,0.080851064,0.093617021,0.027659574,0.029787234,0.021276596,0.121276596,0.059574468,0.029787234,0,0,0,0,0
AlanCrosby,337258newsML.txt,0.502347418,186.5263158,72.32653061,0.305164319,0.147104851,0.07198748,0.10172144,0.020344288,0.039123631,0.025039124,0.114241002,0.056338028,0.031298905,0,0,0,0,0
AlanCrosby,339041newsML.txt,0.512820513,174.5333333,90.27586207,0.333333333,0.134615385,0.081196581,0.094017094,0.027777778,0.02991453,0.021367521,0.121794872,0.055555556,0.02991453,0,0,0,0,0
AlanCrosby,350545newsML.txt,0.46676514,176.6666667,92.75,0.257016248,0.158050222,0.079763663,0.100443131,0.051698671,0.036927622,0.032496307,0.109305761,0.047267356,0.032496307,0,0,0,0,0
AlanCrosby,350775newsML.txt,0.468885673,177.952381,88.97619048,0.24602026,0.154848046,0.07959479,0.096960926,0.054992764,0.041968162,0.030390738,0.102749638,0.047756874,0.033285094,0,0,0,0,0
AlanCrosby,356722newsML.txt,0.48381877,165.5,82.75,0.294498382,0.121359223,0.069579288,0.106796117,0.051779935,0.045307443,0.025889968,0.101941748,0.048543689,0.03236246,0,0,0,0,0
AlanCrosby,359894newsML.txt,0.5,175.4705882,119.32,0.286231884,0.148550725,0.076086957,0.105072464,0.038043478,0.045289855,0.027173913,0.112318841,0.043478261,0.03442029,0,0,0,0,0
AlanCrosby,361663newsML.txt,0.490018149,174.0588235,118.36,0.281306715,0.150635209,0.070780399,0.108892922,0.041742287,0.043557169,0.02722323,0.114337568,0.043557169,0.034482759,0,0,0,0,0
AlanCrosby,366272newsML.txt,0.50203252,158.2,124.8947368,0.241869919,0.158536585,0.067073171,0.117886179,0.044715447,0.034552846,0.016260163,0.12195122,0.06097561,0.036585366,0,0,0,0,0
AlanCrosby,366373newsML.txt,0.535123967,174.4666667,104.68,0.283057851,0.148760331,0.070247934,0.092975207,0.047520661,0.037190083,0.020661157,0.130165289,0.051652893,0.030991736,0,0,0,0,0
AlanCrosby,366381newsML.txt,0.484589041,160.8,74.79069767,0.294520548,0.123287671,0.092465753,0.095890411,0.053082192,0.029109589,0.018835616,0.113013699,0.059931507,0.032534247,0,0,0,0,0
AlanCrosby,366583newsML.txt,0.545643154,174.3333333,104.6,0.286307054,0.149377593,0.070539419,0.097510373,0.045643154,0.045643154,0.020746888,0.124481328,0.041493776,0.033195021,0,0,0,0,0
AlanCrosby,366688newsML.txt,0.482876712,160.8,74.79069767,0.29109589,0.126712329,0.092465753,0.095890411,0.053082192,0.029109589,0.018835616,0.113013699,0.059931507,0.032534247,0,0,0,0,0
AlanCrosby,367973newsML.txt,0.545643154,174.4666667,100.6538462,0.286307054,0.149377593,0.070539419,0.097510373,0.045643154,0.045643154,0.020746888,0.124481328,0.041493776,0.033195021,0,0,0,0,0
AlanCrosby,369180newsML.txt,0.498293515,170.2105263,124.3846154,0.291808874,0.150170648,0.080204778,0.092150171,0.042662116,0.040955631,0.017064846,0.122866894,0.04778157,0.034129693,0,0,0,0,0
AlanCrosby,375217newsML.txt,0.498275862,168.8333333,104.7931034,0.244827586,0.151724138,0.074137931,0.096551724,0.027586207,0.053448276,0.017241379,0.124137931,0.036206897,0.034482759,0,0,0,0,0
AlanCrosby,378036newsML.txt,0.515426497,177.6470588,137.2727273,0.250453721,0.154264973,0.092558984,0.099818512,0.029038113,0.070780399,0.01814882,0.136116152,0.030852995,0.029038113,0,0,0,0,0
AlanCrosby,381679newsML.txt,0.497584541,176.6315789,86.05128205,0.283413849,0.125603865,0.085346216,0.104669887,0.054750403,0.043478261,0.025764895,0.119162641,0.041867955,0.035426731,0,0,0,0,0
AlanCrosby,384397newsML.txt,0.47260274,179,104.9310345,0.258561644,0.145547945,0.077054795,0.104452055,0.032534247,0.047945205,0.022260274,0.123287671,0.051369863,0.030821918,0,0,0,0,0
AlanCrosby,397638newsML.txt,0.517578125,188.4666667,74.39473684,0.291015625,0.134765625,0.068359375,0.10546875,0.07421875,0.037109375,0.013671875,0.12890625,0.048828125,0.03125,0,0,0,0,0
AlanCrosby,404037newsML.txt,0.460674157,191.4666667,89.75,0.280898876,0.127340824,0.071161049,0.11423221,0.06741573,0.031835206,0.018726592,0.117977528,0.048689139,0.031835206,0,0,0,0,0
AlanCrosby,406803newsML.txt,0.552102377,160,84.70588235,0.270566728,0.15904936,0.063985375,0.104204753,0.040219378,0.034734918,0.02559415,0.10786106,0.047531993,0.038391225,0,0,0,0,0
AlanCrosby,406812newsML.txt,0.506306306,160.9473684,89.94117647,0.297297297,0.145945946,0.07027027,0.102702703,0.036036036,0.028828829,0.018018018,0.138738739,0.030630631,0.034234234,0,0,0,0,0
AlanCrosby,406817newsML.txt,0.546296296,166.0588235,117.625,0.262962963,0.157407407,0.066666667,0.107407407,0.037037037,0.031481481,0.027777778,0.111111111,0.055555556,0.033333333,0,0,0,0,0
AlexanderSmith,308119newsML.txt,0.54697286,209.6923077,143.4736842,0.254697286,0.169102296,0.104384134,0.09394572,0,0.058455115,0.033402923,0.112734864,0.025052192,0.037578288,0,0,0,0,0
AlexanderSmith,309625newsML.txt,0.490769231,201.3529412,136.92,0.312307692,0.170769231,0.056923077,0.092307692,0.016923077,0.033846154,0.038461538,0.107692308,0.046153846,0.029230769,0,0,0,0,0
AlexanderSmith,311279newsML.txt,0.484756098,185.5789474,135.6153846,0.262195122,0.140243902,0.094512195,0.111280488,0.013719512,0.036585366,0.024390244,0.117378049,0.033536585,0.035060976,0,0,0,0,0
AlexanderSmith,316030newsML.txt,0.480741797,190.55,122.9354839,0.320970043,0.181169757,0.042796006,0.075606277,0.017118402,0.025677603,0.027104137,0.131241084,0.031383738,0.041369472,0,0,0,0,0
AlexanderSmith,316079newsML.txt,0.507109005,167,129.8888889,0.355450237,0.161137441,0.042654028,0.075829384,0.007109005,0.014218009,0.016587678,0.151658768,0.035545024,0.04028436,0,0,0,0,0
AlexanderSmith,318165newsML.txt,0.471014493,195.0526316,142.5384615,0.263768116,0.169565217,0.071014493,0.071014493,0.02173913,0.042028986,0.031884058,0.126086957,0.039130435,0.028985507,0,0,0,0,0
AlexanderSmith,319897newsML.txt,0.462111801,181.8333333,124.6857143,0.311801242,0.159006211,0.052173913,0.068322981,0.019875776,0.034782609,0.029813665,0.108074534,0.037267081,0.034782609,0,0,0,0,0
AlexanderSmith,320958newsML.txt,0.5215311,223.8125,188.4736842,0.314194577,0.165869219,0.094098884,0.071770335,0.015948963,0.035087719,0.028708134,0.118022329,0.031897927,0.025518341,0,0,0,0,0
AlexanderSmith,325793newsML.txt,0.510998308,174.4210526,127.4615385,0.331641286,0.131979695,0.084602369,0.07106599,0.03891709,0.035532995,0.020304569,0.116751269,0.025380711,0.033840948,0,0,0,0,0
AlexanderSmith,32951newsML.txt,0.533834586,188.6666667,125.7777778,0.345864662,0.115288221,0.100250627,0.072681704,0.01754386,0.032581454,0.015037594,0.112781955,0.042606516,0.030075188,0,0,0,0,0
AlexanderSmith,331658newsML.txt,0.495114007,178.6842105,147.6086957,0.270358306,0.164495114,0.076547231,0.125407166,0.009771987,0.034201954,0.024429967,0.099348534,0.03257329,0.035830619,0,0,0,0,0
AlexanderSmith,33699newsML.txt,0.433783784,191.6363636,108.1025641,0.328378378,0.167567568,0.067567568,0.091891892,0.016216216,0.027027027,0.016216216,0.114864865,0.037837838,0.043243243,0,0,0,0,0
AlexanderSmith,337048newsML.txt,0.511589404,186.4444444,115.7241379,0.30794702,0.160596026,0.082781457,0.071192053,0.043046358,0.011589404,0.023178808,0.099337748,0.036423841,0.036423841,0,0,0,0,0
AlexanderSmith,33725newsML.txt,0.472275335,147.75,109.4444444,0.328871893,0.158699809,0.066921606,0.103250478,0.024856597,0.028680688,0.015296367,0.124282983,0.022944551,0.047801147,0,0,0,0,0
AlexanderSmith,33726newsML.txt,0.470866142,155.2608696,111.59375,0.332283465,0.157480315,0.062992126,0.097637795,0.020472441,0.034645669,0.018897638,0.122834646,0.02519685,0.047244094,0,0,0,0,0
AlexanderSmith,33979newsML.txt,0.316635161,189.40625,110.2,0.329867675,0.166351607,0.06805293,0.097353497,0.012287335,0.028355388,0.018903592,0.117202268,0.035916824,0.04442344,0,0,0,0,0
AlexanderSmith,340179newsML.txt,0.487364621,204.3333333,170.2777778,0.292418773,0.129963899,0.081227437,0.111913357,0.030685921,0.036101083,0.027075812,0.140794224,0.039711191,0.030685921,0,0,0,0,0
AlexanderSmith,346243newsML.txt,0.464991023,194.6,104.25,0.247755835,0.199281867,0.055655296,0.082585278,0.019748654,0.044883303,0.017953321,0.10951526,0.048473968,0.041292639,0,0,0,0,0
AlexanderSmith,347927newsML.txt,0.51465798,197.7647059,120.0714286,0.273615635,0.187296417,0.070032573,0.091205212,0.017915309,0.052117264,0.016286645,0.099348534,0.040716612,0.037459283,0,0,0,0,0
AlexanderSmith,356530newsML.txt,0.463338534,176.15,95.21621622,0.316692668,0.141965679,0.074882995,0.08424337,0.026521061,0.042121685,0.012480499,0.112324493,0.042121685,0.042121685,0,0,0,0,0
AlexanderSmith,36069newsML.txt,0.437425507,207.7391304,164.7586207,0.320619785,0.152562574,0.076281287,0.112038141,0.021454112,0.023837902,0.025029797,0.126340882,0.033373063,0.032181168,0,0,0,0,0
AlexanderSmith,368880newsML.txt,0.519607843,202.1764706,127.2962963,0.258169935,0.158496732,0.083333333,0.091503268,0.026143791,0.053921569,0.022875817,0.104575163,0.035947712,0.029411765,0,0,0,0,0
AlexanderSmith,373284newsML.txt,0.492917847,189.2380952,137.0344828,0.260623229,0.162889518,0.075070822,0.11898017,0.009915014,0.04674221,0.031161473,0.101983003,0.028328612,0.036827195,0,0,0,0,0
AlexanderSmith,40036newsML.txt,0.462962963,182.8888889,121.9259259,0.297979798,0.18013468,0.047138047,0.089225589,0.031986532,0.026936027,0.011784512,0.121212121,0.03030303,0.038720539,0,0,0,0,0
AlexanderSmith,40042newsML.txt,0.511839709,159.0526316,131.3913043,0.264116576,0.169398907,0.074681239,0.102003643,0.025500911,0.045537341,0.029143898,0.100182149,0.038251366,0.034608379,0,0,0,0,0
AlexanderSmith,40797newsML.txt,0.460972018,189.35,130.5862069,0.304860088,0.179675994,0.050073638,0.088365243,0.027982327,0.027982327,0.014727541,0.117820324,0.029455081,0.038291605,0,0,0,0,0
AlexanderSmith,415565newsML.txt,0.48538961,168.05,112.0333333,0.277597403,0.180194805,0.058441558,0.107142857,0.021103896,0.038961039,0.024350649,0.099025974,0.042207792,0.035714286,0,0,0,0,0
AlexanderSmith,415623newsML.txt,0.475409836,177.2631579,102.0606061,0.309836066,0.150819672,0.081967213,0.070491803,0.039344262,0.03442623,0.02295082,0.114754098,0.039344262,0.037704918,0,0,0,0,0
AlexanderSmith,418692newsML.txt,0.468809074,194.6666667,85.88235294,0.300567108,0.139886578,0.051039698,0.092627599,0.071833648,0.026465028,0.032136106,0.128544423,0.026465028,0.032136106,0,0,0,0,0
AlexanderSmith,421576newsML.txt,0.511156187,175.375,122,0.336713996,0.127789047,0.070993915,0.087221095,0.026369168,0.014198783,0.00811359,0.111561866,0.052738337,0.036511156,0,0,0,0,0
AlexanderSmith,423409newsML.txt,0.5,179.3043478,158.6153846,0.295454545,0.149147727,0.092329545,0.098011364,0.005681818,0.035511364,0.029829545,0.113636364,0.041193182,0.032670455,0,0,0,0,0
AlexanderSmith,424504newsML.txt,0.5024,225.7333333,91.51351351,0.2752,0.1728,0.0624,0.0928,0.032,0.0384,0.0256,0.1088,0.0336,0.0368,0,0,0,0,0
AlexanderSmith,42561newsML.txt,0.507086614,183.0526316,133.7692308,0.251968504,0.165354331,0.091338583,0.100787402,0.015748031,0.037795276,0.036220472,0.094488189,0.042519685,0.036220472,0,0,0,0,0
AlexanderSmith,425714newsML.txt,0.508130081,148.3333333,106.8,0.306910569,0.166666667,0.058943089,0.095528455,0.016260163,0.034552846,0.022357724,0.099593496,0.046747967,0.042682927,0,0,0,0,0
AlexanderSmith,432627newsML.txt,0.486956522,149.5294118,133.7894737,0.323913043,0.158695652,0.069565217,0.115217391,0.004347826,0.019565217,0.034782609,0.102173913,0.052173913,0.034782609,0,0,0,0,0
AlexanderSmith,43310newsML.txt,0.458471761,166.3684211,109,0.257475083,0.177740864,0.073089701,0.098006645,0.026578073,0.026578073,0.024916944,0.112956811,0.041528239,0.03820598,0,0,0,0,0
AlexanderSmith,435739newsML.txt,0.491255962,159.7272727,125.5,0.310015898,0.186009539,0.058823529,0.098569157,0.012718601,0.046104928,0.025437202,0.085850556,0.033386328,0.036565978,0,0,0,0,0
AlexanderSmith,437443newsML.txt,0.447115385,159.3333333,98.41176471,0.266025641,0.169871795,0.052884615,0.092948718,0.028846154,0.048076923,0.017628205,0.123397436,0.040064103,0.038461538,0,0,0,0,0
AlexanderSmith,438800newsML.txt,0.481432361,321.2307692,134.7096774,0.299734748,0.159151194,0.063660477,0.088859416,0.027851459,0.050397878,0.021220159,0.103448276,0.041114058,0.035809019,0,0,0,0,0
AlexanderSmith,440462newsML.txt,0.492035398,181.6111111,142.1304348,0.343362832,0.14159292,0.063716814,0.088495575,0.042477876,0.042477876,0.014159292,0.109734513,0.03539823,0.031858407,0,0,0,0,0
AlexanderSmith,440463newsML.txt,0.492035398,181.5555556,142.0869565,0.343362832,0.14159292,0.063716814,0.088495575,0.042477876,0.042477876,0.014159292,0.109734513,0.03539823,0.031858407,0,0,0,0,0
AlexanderSmith,440570newsML.txt,0.451653944,184.9565217,118.1666667,0.255725191,0.184478372,0.058524173,0.103053435,0.021628499,0.058524173,0.020356234,0.119592875,0.036895674,0.039440204,0,0,0,0,0
AlexanderSmith,442046newsML.txt,0.44972067,197.5238095,125.6969697,0.386871508,0.122905028,0.069832402,0.085195531,0.025139665,0.015363128,0.009776536,0.100558659,0.043296089,0.039106145,0,0,0,0,0
AlexanderSmith,443465newsML.txt,0.441340782,204.7,113.7222222,0.389664804,0.122905028,0.065642458,0.075418994,0.022346369,0.01396648,0.009776536,0.106145251,0.051675978,0.037709497,0,0,0,0,0
AlexanderSmith,446464newsML.txt,0.487961477,178.2105263,147.2173913,0.296950241,0.160513644,0.051364366,0.09470305,0.025682183,0.046548957,0.02247191,0.118780096,0.048154093,0.030497592,0,0,0,0,0
AlexanderSmith,448310newsML.txt,0.560150376,140.9,78.27777778,0.263157895,0.172932331,0.067669173,0.082706767,0.078947368,0.026315789,0.018796992,0.105263158,0.033834586,0.037593985,0,0,0,0,0
AlexanderSmith,449459newsML.txt,0.470229008,202.3333333,182.1,0.261068702,0.181679389,0.077862595,0.096183206,0.00610687,0.044274809,0.024427481,0.106870229,0.033587786,0.029007634,0,0,0,0,0
AlexanderSmith,449471newsML.txt,0.479846449,226.0833333,135.65,0.234165067,0.188099808,0.053742802,0.078694818,0.030710173,0.049904031,0.030710173,0.140115163,0.028790787,0.032629559,0,0,0,0,0
AlexanderSmith,453934newsML.txt,0.509700176,189.2941176,110.9655172,0.282186949,0.135802469,0.093474427,0.072310406,0.070546737,0.028218695,0.026455026,0.128747795,0.044091711,0.029982363,0,0,0,0,0
AlexanderSmith,455539newsML.txt,0.467336683,165.35,106.6774194,0.318257956,0.155778894,0.082077052,0.093802345,0.025125628,0.033500838,0.025125628,0.090452261,0.035175879,0.041876047,0,0,0,0,0
BenjaminKangLim,246281newsML.txt,0.491773309,129.2916667,91.26470588,0.336380256,0.151736746,0.067641682,0.098720293,0.007312614,0.009140768,0.034734918,0.120658135,0.042047532,0.043875686,0,0,0,0,0
BenjaminKangLim,253738newsML.txt,0.470890411,152.3333333,99.96875,0.297945205,0.142123288,0.09760274,0.092465753,0.011986301,0.01369863,0.025684932,0.116438356,0.054794521,0.037671233,0,0,0,0,0
BenjaminKangLim,256512newsML.txt,0.493333333,145.3,100.2068966,0.346666667,0.135238095,0.068571429,0.08952381,0.015238095,0.015238095,0.043809524,0.123809524,0.04,0.041904762,0,0,0,0,0
BenjaminKangLim,257480newsML.txt,0.466780239,165.25,143.6956522,0.320272572,0.139693356,0.100511073,0.083475298,0.023850085,0.028960818,0.037478705,0.086882453,0.059625213,0.03407155,0,0,0,0,0
BenjaminKangLim,257486newsML.txt,0.497461929,159.5238095,95.71428571,0.318104907,0.137055838,0.079526227,0.098138748,0.035532995,0.025380711,0.018612521,0.13536379,0.03891709,0.040609137,0,0,0,0,0
BenjaminKangLim,257512newsML.txt,0.469043152,147.55,68.62790698,0.35272045,0.144465291,0.039399625,0.08630394,0.022514071,0.026266417,0.020637899,0.127579737,0.04315197,0.037523452,0,0,0,0,0
BenjaminKangLim,257752newsML.txt,0.499151104,166.8,90.16216216,0.319185059,0.137521222,0.079796265,0.098471986,0.03565365,0.025466893,0.018675722,0.132427844,0.039049236,0.040747029,0,0,0,0,0
BenjaminKangLim,257774newsML.txt,0.467226891,166.2,158.2857143,0.319327731,0.137815126,0.100840336,0.082352941,0.023529412,0.028571429,0.03697479,0.087394958,0.058823529,0.033613445,0,0,0,0,0
BenjaminKangLim,25912newsML.txt,0.544688027,174.0526316,137.7916667,0.291736931,0.165261383,0.082630691,0.070826307,0.020236088,0.040472175,0.033726813,0.109612142,0.050590219,0.033726813,0,0,0,0,0
BenjaminKangLim,265757newsML.txt,0.491666667,165.4285714,133.6153846,0.325,0.14,0.096666667,0.096666667,0.025,0.018333333,0.026666667,0.128333333,0.04,0.041666667,0,0,0,0,0
BenjaminKangLim,267043newsML.txt,0.50177305,158.6842105,131.0869565,0.292553191,0.159574468,0.065602837,0.090425532,0.04964539,0.015957447,0.026595745,0.120567376,0.05141844,0.039007092,0,0,0,0,0
BenjaminKangLim,273106newsML.txt,0.446529081,149.6842105,129.2727273,0.305816135,0.17260788,0.05065666,0.080675422,0.015009381,0.033771107,0.018761726,0.133208255,0.058161351,0.039399625,0,0,0,0,0
BenjaminKangLim,273110newsML.txt,0.486818981,202.4,151.8,0.246045694,0.177504394,0.084358524,0.07029877,0.017574692,0.056239016,0.036906854,0.114235501,0.024604569,0.033391916,0,0,0,0,0
BenjaminKangLim,2732newsML.txt,0.503496503,164.35,121.7407407,0.312937063,0.166083916,0.097902098,0.106643357,0.017482517,0.012237762,0.047202797,0.096153846,0.036713287,0.04020979,0,0,0,0,0
BenjaminKangLim,275542newsML.txt,0.508333333,164.5882353,147.2631579,0.295833333,0.145833333,0.10625,0.0875,0.029166667,0.022916667,0.022916667,0.102083333,0.05625,0.035416667,0,0,0,0,0
BenjaminKangLim,275633newsML.txt,0.532818533,147.2,89.21212121,0.28957529,0.150579151,0.108108108,0.084942085,0.055984556,0.027027027,0.017374517,0.092664093,0.054054054,0.042471042,0,0,0,0,0
BenjaminKangLim,282006newsML.txt,0.493723849,152.8823529,99.96153846,0.280334728,0.175732218,0.081589958,0.087866109,0.037656904,0.029288703,0.031380753,0.115062762,0.031380753,0.046025105,0,0,0,0,0
BenjaminKangLim,282714newsML.txt,0.490453461,145.25,86.07407407,0.293556086,0.175417661,0.065632458,0.093078759,0.017899761,0.03699284,0.031026253,0.109785203,0.042959427,0.045346062,0,0,0,0,0
BenjaminKangLim,282994newsML.txt,0.472361809,138.4242424,103.8181818,0.317839196,0.167085427,0.077889447,0.075376884,0.023869347,0.030150754,0.030150754,0.129396985,0.043969849,0.046482412,0,0,0,0,0
BenjaminKangLim,284781newsML.txt,0.49328215,162.3888889,112.4230769,0.305182342,0.142034549,0.090211132,0.080614203,0.017274472,0.019193858,0.040307102,0.117082534,0.044145873,0.03646833,0,0,0,0,0
BenjaminKangLim,286651newsML.txt,0.506968641,170.2631579,129.4,0.271777003,0.162020906,0.085365854,0.094076655,0.022648084,0.022648084,0.038327526,0.109756098,0.036585366,0.034843206,0,0,0,0,0
BenjaminKangLim,289854newsML.txt,0.5,177.7058824,167.8333333,0.302973978,0.141263941,0.079925651,0.109665428,0.020446097,0.024163569,0.022304833,0.126394052,0.050185874,0.031598513,0,0,0,0,0
BenjaminKangLim,292307newsML.txt,0.511201629,152.4444444,130.6666667,0.317718941,0.154786151,0.079429735,0.091649695,0.016293279,0.022403259,0.018329939,0.120162933,0.048879837,0.036659878,0,0,0,0,0
BenjaminKangLim,29521newsML.txt,0.455311973,161,123.8461538,0.298482293,0.151770658,0.091062395,0.082630691,0.018549747,0.02529511,0.042158516,0.123102867,0.042158516,0.035413153,0,0,0,0,0
BenjaminKangLim,329319newsML.txt,0.472361809,168.05,152.7727273,0.328308208,0.152428811,0.090452261,0.095477387,0.006700168,0.020100503,0.020100503,0.110552764,0.040201005,0.035175879,0,0,0,0,0
BenjaminKangLim,333057newsML.txt,0.493377483,186.2777778,124.1851852,0.311258278,0.122516556,0.082781457,0.091059603,0.048013245,0.01986755,0.01986755,0.112582781,0.074503311,0.036423841,0,0,0,0,0
BenjaminKangLim,34762newsML.txt,0.48952381,150.4736842,92.22580645,0.285714286,0.180952381,0.064761905,0.087619048,0.015238095,0.024761905,0.028571429,0.097142857,0.055238095,0.045714286,0,0,0,0,0
BenjaminKangLim,351110newsML.txt,0.436482085,175.6842105,53.83870968,0.299674267,0.140065147,0.084690554,0.071661238,0.034201954,0.026058632,0.034201954,0.099348534,0.043973941,0.037459283,0,0,0,0,0
BenjaminKangLim,351176newsML.txt,0.459203036,177.4375,57.93877551,0.299810247,0.136622391,0.081593928,0.066413662,0.039848197,0.024667932,0.037950664,0.108159393,0.036053131,0.034155598,0,0,0,0,0
BenjaminKangLim,352444newsML.txt,0.438202247,168.7,57.18644068,0.296950241,0.13964687,0.083467095,0.07223114,0.033707865,0.028892456,0.033707865,0.105939005,0.041733547,0.035313002,0,0,0,0,0
BenjaminKangLim,3541newsML.txt,0.548453608,157.4705882,148.7222222,0.311340206,0.127835052,0.088659794,0.092783505,0.049484536,0.010309278,0.030927835,0.115463918,0.041237113,0.035051546,0,0,0,0,0
BenjaminKangLim,358909newsML.txt,0.486577181,134.5652174,75.48780488,0.290268456,0.152684564,0.05033557,0.068791946,0.067114094,0.038590604,0.025167785,0.117449664,0.046979866,0.041946309,0,0,0,0,0
BenjaminKangLim,362004newsML.txt,0.521256932,168.0555556,94.53125,0.325323475,0.147874307,0.081330869,0.123844732,0.009242144,0.024029575,0.01663586,0.107208872,0.044362292,0.03142329,0,0,0,0,0
BenjaminKangLim,362056newsML.txt,0.53371869,164.0555556,113.5769231,0.29672447,0.163776493,0.100192678,0.063583815,0.030828516,0.028901734,0.013487476,0.113680154,0.048169557,0.04238921,0,0,0,0,0
BenjaminKangLim,369436newsML.txt,0.481540931,144.625,99.17142857,0.296950241,0.16211878,0.085072231,0.099518459,0.020866774,0.027287319,0.014446228,0.107544141,0.051364366,0.04975923,0,0,0,0,0
BenjaminKangLim,370968newsML.txt,0.500924214,143.8095238,94.375,0.28650647,0.164510166,0.094269871,0.085027726,0.022181146,0.03142329,0.020332717,0.092421442,0.04805915,0.051756007,0,0,0,0,0
BenjaminKangLim,372324newsML.txt,0.494057725,160.1904762,134.56,0.320882852,0.154499151,0.083191851,0.088285229,0.03565365,0.027164686,0.016977929,0.115449915,0.056027165,0.040747029,0,0,0,0,0
BenjaminKangLim,373993newsML.txt,0.497512438,164.2380952,137.96,0.326699834,0.139303483,0.091210614,0.087893864,0.034825871,0.024875622,0.014925373,0.12106136,0.058043118,0.039800995,0,0,0,0,0
BenjaminKangLim,374132newsML.txt,0.493761141,136.6086957,104.7333333,0.326203209,0.146167558,0.080213904,0.096256684,0.028520499,0.021390374,0.023172906,0.121212121,0.055258467,0.040998217,0,0,0,0,0
BenjaminKangLim,377203newsML.txt,0.464788732,150.52,99.02631579,0.294366197,0.129577465,0.095774648,0.094366197,0.014084507,0.025352113,0.026760563,0.116901408,0.042253521,0.043661972,0,0,0,0,0
BenjaminKangLim,380017newsML.txt,0.476119403,155.8695652,132.7777778,0.280597015,0.173134328,0.085074627,0.079104478,0.010447761,0.028358209,0.049253731,0.1,0.046268657,0.03880597,0,0,0,0,0
BenjaminKangLim,380264newsML.txt,0.464106845,160.9,134.0833333,0.293823038,0.150250417,0.096828047,0.080133556,0.015025042,0.025041736,0.035058431,0.115191987,0.056761269,0.038397329,0,0,0,0,0
BenjaminKangLim,380723newsML.txt,0.491712707,156.15,86.75,0.311233886,0.152854512,0.08839779,0.077348066,0.047882136,0.016574586,0.022099448,0.138121547,0.027624309,0.040515654,0,0,0,0,0
BenjaminKangLim,381261newsML.txt,0.494100295,162.1304348,100.7837838,0.306784661,0.135693215,0.092920354,0.073746313,0.02359882,0.032448378,0.02359882,0.109144543,0.05899705,0.048672566,0,0,0,0,0
BenjaminKangLim,381284newsML.txt,0.483832335,122.3783784,65.62318841,0.279041916,0.161676647,0.05988024,0.045508982,0.089820359,0.023952096,0.041916168,0.100598802,0.045508982,0.049101796,0,0,0,0,0
BenjaminKangLim,382184newsML.txt,0.485540335,175.8095238,142,0.312024353,0.158295282,0.082191781,0.076103501,0.00913242,0.02130898,0.01978691,0.141552511,0.0456621,0.03196347,0,0,0,0,0
BenjaminKangLim,383271newsML.txt,0.482587065,161.6,111.4482759,0.313432836,0.15920398,0.067993367,0.08291874,0.013266998,0.028192371,0.016583748,0.126036484,0.054726368,0.04145937,0,0,0,0,0
BenjaminKangLim,386264newsML.txt,0.464761905,145.1428571,70.88372093,0.291428571,0.146666667,0.078095238,0.060952381,0.083809524,0.019047619,0.00952381,0.125714286,0.051428571,0.045714286,0,0,0,0,0
BenjaminKangLim,387914newsML.txt,0.470496894,160.4545455,110.3125,0.316770186,0.169254658,0.093167702,0.083850932,0.004658385,0.041925466,0.026397516,0.088509317,0.040372671,0.034161491,0,0,0,0,0
BenjaminKangLim,387932newsML.txt,0.487951807,147.173913,125.3703704,0.271084337,0.155120482,0.075301205,0.09186747,0.018072289,0.031626506,0.02560241,0.090361446,0.05873494,0.040662651,0,0,0,0,0
BernardHickey,361843newsML.txt,0.573863636,136.5714286,86.90909091,0.318181818,0.107954545,0.039772727,0.096590909,0.090909091,0.045454545,0.017045455,0.125,0.045454545,0.039772727,0,0,0,0,0
BernardHickey,365715newsML.txt,0.474123539,147.7619048,100.0967742,0.287145242,0.153589316,0.070116861,0.076794658,0.058430718,0.038397329,0.031719533,0.120200334,0.030050083,0.035058431,0,0,0,0,0
BernardHickey,373908newsML.txt,0.456026059,147.2272727,87.54054054,0.304560261,0.114006515,0.084690554,0.07980456,0.073289902,0.035830619,0.027687296,0.122149837,0.026058632,0.037459283,0,0,0,0,0
BernardHickey,373918newsML.txt,0.479661017,139.7272727,85.38888889,0.288135593,0.110169492,0.079661017,0.077966102,0.072881356,0.047457627,0.020338983,0.108474576,0.022033898,0.037288136,0,0,0,0,0
BernardHickey,373923newsML.txt,0.432515337,164.047619,88.33333333,0.299079755,0.127300613,0.079754601,0.085889571,0.064417178,0.036809816,0.033742331,0.128834356,0.01993865,0.036809816,0,0,0,0,0
BernardHickey,377023newsML.txt,0.503448276,141.5,102.9090909,0.262068966,0.144827586,0.089655172,0.094252874,0.032183908,0.03908046,0.032183908,0.11954023,0.03908046,0.036781609,0,0,0,0,0
BernardHickey,377027newsML.txt,0.477077364,171.1818182,134.5,0.279369628,0.163323782,0.074498567,0.064469914,0.03008596,0.06017192,0.037249284,0.100286533,0.032951289,0.032951289,0,0,0,0,0
BernardHickey,38643newsML.txt,0.478040541,134.375,89.58333333,0.275337838,0.157094595,0.072635135,0.072635135,0.089527027,0.038851351,0.028716216,0.092905405,0.035472973,0.038851351,0,0,0,0,0
BernardHickey,411948newsML.txt,0.477112676,121.1538462,75,0.279929577,0.121478873,0.103873239,0.084507042,0.056338028,0.021126761,0.028169014,0.117957746,0.031690141,0.042253521,0,0,0,0,0
BernardHickey,411963newsML.txt,0.494845361,165.125,110.0833333,0.27628866,0.158762887,0.04742268,0.109278351,0.049484536,0.043298969,0.037113402,0.113402062,0.032989691,0.032989691,0,0,0,0,0
BernardHickey,411964newsML.txt,0.524242424,152.3333333,91.4,0.290909091,0.13030303,0.090909091,0.096969697,0.066666667,0.015151515,0.03030303,0.127272727,0.021212121,0.039393939,0,0,0,0,0
BernardHickey,422169newsML.txt,0.434937611,170,76.5,0.324420677,0.151515152,0.049910873,0.069518717,0.035650624,0.040998217,0.032085561,0.08912656,0.042780749,0.035650624,0,0,0,0,0
BernardHickey,422177newsML.txt,0.443349754,146.5652174,74.91111111,0.331691297,0.147783251,0.049261084,0.065681445,0.044334975,0.044334975,0.031198686,0.088669951,0.02955665,0.037766831,0,0,0,0,0
BernardHickey,422196newsML.txt,0.565,158.5714286,85.38461538,0.31,0.115,0.085,0.115,0.07,0.025,0.025,0.115,0.03,0.035,0,0,0,0,0
BernardHickey,434620newsML.txt,0.483535529,154.5714286,129.84,0.325823224,0.131715771,0.062391681,0.079722704,0.034662045,0.031195841,0.025996534,0.114384749,0.03812825,0.036395147,0,0,0,0,0
BernardHickey,434639newsML.txt,0.438333333,153.952381,101.03125,0.291666667,0.12,0.071666667,0.08,0.093333333,0.03,0.026666667,0.118333333,0.031666667,0.035,0,0,0,0,0
BernardHickey,448362newsML.txt,0.522537563,156.5714286,142.9565217,0.32721202,0.128547579,0.085141903,0.101836394,0.035058431,0.041736227,0.030050083,0.098497496,0.035058431,0.031719533,0,0,0,0,0
BernardHickey,4524newsML.txt,0.463636364,130.5909091,75.60526316,0.290909091,0.136363636,0.069090909,0.072727273,0.074545455,0.030909091,0.02,0.101818182,0.036363636,0.036363636,0,0,0,0,0
BernardHickey,457862newsML.txt,0.437194127,147.3636364,120.0740741,0.27406199,0.151712887,0.068515498,0.075040783,0.034257749,0.055464927,0.013050571,0.092985318,0.03588907,0.034257749,0,0,0,0,0
BernardHickey,473562newsML.txt,0.507020281,175.4,120.9655172,0.319812793,0.145085803,0.07800312,0.07800312,0.029641186,0.048361934,0.028081123,0.107644306,0.042121685,0.031201248,0,0,0,0,0
BernardHickey,483285newsML.txt,0.447058824,169.8181818,98.31578947,0.314705882,0.15,0.067647059,0.114705882,0.05,0.023529412,0.019117647,0.104411765,0.023529412,0.038235294,0,0,0,0,0
BernardHickey,483297newsML.txt,0.495522388,161.0869565,148.2,0.268656716,0.144776119,0.076119403,0.102985075,0.031343284,0.055223881,0.01641791,0.101492537,0.028358209,0.034328358,0,0,0,0,0
BernardHickey,486099newsML.txt,0.46,121.25,107.7777778,0.227272727,0.18,0.067272727,0.087272727,0.014545455,0.052727273,0.012727273,0.129090909,0.034545455,0.045454545,0,0,0,0,0
BernardHickey,486114newsML.txt,0.452119309,180.15,90.075,0.323390895,0.131868132,0.067503925,0.089481947,0.045525903,0.026687598,0.021978022,0.102040816,0.026687598,0.032967033,0,0,0,0,0
BernardHickey,490941newsML.txt,0.49070632,133.2916667,177.7222222,0.364312268,0.094795539,0.085501859,0.096654275,0.020446097,0.011152416,0.027881041,0.081784387,0.048327138,0.027881041,0,0,0,0,0
BernardHickey,493677newsML.txt,0.479191439,184.5,191.88,0.384066587,0.124851367,0.079667063,0.039239001,0.016646849,0.028537455,0.023781213,0.086801427,0.047562426,0.028537455,0,0,0,0,0
BernardHickey,495186newsML.txt,0.502599653,182.7222222,164.45,0.325823224,0.145580589,0.072790295,0.079722704,0.024263432,0.03812825,0.031195841,0.100519931,0.041594454,0.029462738,0,0,0,0,0
BernardHickey,495201newsML.txt,0.487132353,134,178.6666667,0.363970588,0.09375,0.084558824,0.09375,0.022058824,0.009191176,0.027573529,0.084558824,0.047794118,0.027573529,0,0,0,0,0
BernardHickey,498168newsML.txt,0.499168053,150.8181818,114.4137931,0.297836938,0.149750416,0.078202995,0.083194676,0.02828619,0.048252912,0.026622296,0.086522463,0.038269551,0.036605657,0,0,0,0,0
BernardHickey,498174newsML.txt,0.493562232,157.8823529,122,0.300429185,0.145922747,0.100858369,0.079399142,0.02360515,0.034334764,0.032188841,0.092274678,0.042918455,0.038626609,0,0,0,0,0
BernardHickey,498185newsML.txt,0.470681458,167.85,124.3333333,0.320126783,0.134706815,0.064976228,0.099841521,0.026941363,0.038034865,0.033280507,0.106180666,0.038034865,0.030110935,0,0,0,0,0
BernardHickey,499647newsML.txt,0.43928036,150.1666667,133.4814815,0.289355322,0.148425787,0.094452774,0.104947526,0.013493253,0.061469265,0.025487256,0.094452774,0.046476762,0.037481259,0,0,0,0,0
BernardHickey,501361newsML.txt,0.493482309,121.3913043,121.3913043,0.230912477,0.169459963,0.083798883,0.094972067,0.016759777,0.065176909,0.031657356,0.091247672,0.037243948,0.044692737,0,0,0,0,0
BernardHickey,533555newsML.txt,0.495667244,165.3,127.1538462,0.29982669,0.143847487,0.086655113,0.102253033,0.010398614,0.03812825,0.025996534,0.098786828,0.031195841,0.036395147,0,0,0,0,0
BernardHickey,546701newsML.txt,0.479365079,147.2,111.5151515,0.325396825,0.157142857,0.076190476,0.073015873,0.031746032,0.03968254,0.028571429,0.112698413,0.022222222,0.038095238,0,0,0,0,0
BernardHickey,555952newsML.txt,0.501831502,170.6111111,133.5217391,0.338827839,0.148351648,0.076923077,0.095238095,0.014652015,0.023809524,0.032967033,0.108058608,0.038461538,0.032967033,0,0,0,0,0
BernardHickey,557449newsML.txt,0.45959596,140.2916667,116.1034483,0.345117845,0.168350168,0.053872054,0.109427609,0.025252525,0.025252525,0.037037037,0.099326599,0.018518519,0.04040404,0,0,0,0,0
BernardHickey,564448newsML.txt,0.505050505,167.25,128.6538462,0.306397306,0.154882155,0.090909091,0.094276094,0.023569024,0.026936027,0.026936027,0.097643098,0.03030303,0.031986532,0,0,0,0,0
BernardHickey,564487newsML.txt,0.456743003,169.5384615,122.4444444,0.306615776,0.161577608,0.082697201,0.086513995,0.019083969,0.030534351,0.031806616,0.097964377,0.031806616,0.03307888,0,0,0,0,0
BernardHickey,582425newsML.txt,0.484375,167.1875,95.53571429,0.30078125,0.130859375,0.0625,0.08984375,0.07421875,0.033203125,0.033203125,0.115234375,0.021484375,0.033203125,0,0,0,0,0
BernardHickey,584368newsML.txt,0.47080292,165.1111111,106.1428571,0.299270073,0.111313869,0.069343066,0.076642336,0.102189781,0.02919708,0.040145985,0.114963504,0.034671533,0.031021898,0,0,0,0,0
BernardHickey,614610newsML.txt,0.460288809,176.0588235,119.72,0.288808664,0.146209386,0.07400722,0.09566787,0.018050542,0.046931408,0.027075812,0.124548736,0.0433213,0.032490975,0,0,0,0,0
BernardHickey,621832newsML.txt,0.4566787,127.5652174,94.64516129,0.306859206,0.151624549,0.083032491,0.090252708,0.018050542,0.0433213,0.02166065,0.110108303,0.030685921,0.048736462,0,0,0,0,0
BernardHickey,632132newsML.txt,0.475728155,144.6521739,95.05714286,0.299352751,0.121359223,0.098705502,0.079288026,0.058252427,0.037216828,0.025889968,0.100323625,0.046925566,0.035598706,0,0,0,0,0
BernardHickey,632134newsML.txt,0.478547855,144.173913,100.4848485,0.303630363,0.123762376,0.099009901,0.077557756,0.054455446,0.037953795,0.02640264,0.108910891,0.04290429,0.03630363,0,0,0,0,0
BernardHickey,635746newsML.txt,0.503533569,138.4545455,121.84,0.254416961,0.159010601,0.077738516,0.090106007,0.049469965,0.060070671,0.030035336,0.100706714,0.035335689,0.037102473,0,0,0,0,0
BernardHickey,638406newsML.txt,0.472545757,157.45,116.6296296,0.321131448,0.129783694,0.056572379,0.093178037,0.046589018,0.044925125,0.024958403,0.111480865,0.03327787,0.034941764,0,0,0,0,0
BernardHickey,638407newsML.txt,0.482112436,164.5263158,125.04,0.325383305,0.132879046,0.057921635,0.097103918,0.042589438,0.044293015,0.025553663,0.112436116,0.030664395,0.035775128,0,0,0,0,0
BernardHickey,641570newsML.txt,0.479400749,135.3636364,70.9047619,0.31835206,0.116104869,0.058052434,0.050561798,0.084269663,0.026217228,0.039325843,0.101123596,0.029962547,0.037453184,0,0,0,0,0
BernardHickey,644446newsML.txt,0.484076433,139.5555556,67.89189189,0.312101911,0.123142251,0.053078556,0.067940552,0.074309979,0.029723992,0.01910828,0.135881104,0.025477707,0.036093418,0,0,0,0,0
BradDorfman,347151newsML.txt,0.483333333,166,107.0967742,0.303333333,0.14,0.068333333,0.078333333,0.036666667,0.023333333,0.03,0.128333333,0.036666667,0.036666667,0,0,0,0,0
BradDorfman,347621newsML.txt,0.441368078,160.1818182,83.9047619,0.320846906,0.175895765,0.050488599,0.087947883,0.034201954,0.034201954,0.016286645,0.104234528,0.026058632,0.040716612,0,0,0,0,0
BradDorfman,347827newsML.txt,0.493506494,159.375,94.44444444,0.294372294,0.142857143,0.073593074,0.073593074,0.041125541,0.028138528,0.036796537,0.125541126,0.032467532,0.036796537,0,0,0,0,0
BradDorfman,351218newsML.txt,0.484126984,191.4210526,110.2121212,0.326984127,0.152380952,0.055555556,0.096825397,0.022222222,0.022222222,0.025396825,0.120634921,0.049206349,0.034920635,0,0,0,0,0
BradDorfman,355224newsML.txt,0.450980392,151.5555556,129.9047619,0.260784314,0.178431373,0.066666667,0.076470588,0.017647059,0.039215686,0.035294118,0.105882353,0.037254902,0.037254902,0,0,0,0,0
BradDorfman,35721newsML.txt,0.493877551,165.125,110.0833333,0.310204082,0.142857143,0.053061224,0.091836735,0.03877551,0.02244898,0.014285714,0.120408163,0.051020408,0.036734694,0,0,0,0,0
BradDorfman,35731newsML.txt,0.478011472,172,98.28571429,0.252390057,0.143403442,0.059273423,0.091778203,0.061185468,0.04206501,0.019120459,0.120458891,0.053537285,0.04206501,0,0,0,0,0
BradDorfman,360279newsML.txt,0.490322581,174.84,99.34090909,0.318709677,0.16,0.064516129,0.07483871,0.046451613,0.027096774,0.033548387,0.11483871,0.027096774,0.04,0,0,0,0,0
BradDorfman,361151newsML.txt,0.501432665,155.88,102.5526316,0.318051576,0.157593123,0.064469914,0.077363897,0.044412607,0.03008596,0.028653295,0.121776504,0.031518625,0.037249284,0,0,0,0,0
BradDorfman,363462newsML.txt,0.526912181,149.8461538,114.5882353,0.328611898,0.138810198,0.084985836,0.059490085,0.016997167,0.025495751,0.031161473,0.09631728,0.067988669,0.036827195,0,0,0,0,0
BradDorfman,367024newsML.txt,0.492682927,171.4210526,93.05714286,0.282926829,0.170731707,0.066666667,0.071544715,0.029268293,0.029268293,0.021138211,0.108943089,0.060162602,0.03902439,0,0,0,0,0
BradDorfman,375576newsML.txt,0.509174312,162.8,54.26666667,0.337155963,0.142201835,0.066513761,0.084862385,0.020642202,0.032110092,0.036697248,0.103211009,0.055045872,0.036697248,0,0,0,0,0
BradDorfman,378368newsML.txt,0.510297483,154.2666667,85.7037037,0.33409611,0.137299771,0.043478261,0.089244851,0.036613272,0.018306636,0.036613272,0.102974828,0.082379863,0.036613272,0,0,0,0,0
BradDorfman,378757newsML.txt,0.519756839,136,80.36363636,0.358662614,0.11550152,0.042553191,0.088145897,0.042553191,0.012158055,0.027355623,0.106382979,0.088145897,0.039513678,0,0,0,0,0
BradDorfman,397965newsML.txt,0.467836257,191.4,110.4230769,0.354775828,0.128654971,0.068226121,0.089668616,0.037037037,0.021442495,0.021442495,0.105263158,0.058479532,0.037037037,0,0,0,0,0
BradDorfman,398730newsML.txt,0.483370288,195.6923077,106,0.370288248,0.135254989,0.070953437,0.088691796,0.022172949,0.019955654,0.019955654,0.099778271,0.059866962,0.037694013,0,0,0,0,0
BradDorfman,403141newsML.txt,0.563169165,168.2666667,120.1904762,0.269807281,0.162740899,0.077087794,0.085653105,0.038543897,0.04496788,0.025695931,0.122055675,0.053533191,0.042826552,0,0,0,0,0
BradDorfman,40628newsML.txt,0.520725389,140.6666667,105.5,0.344559585,0.163212435,0.044041451,0.07253886,0.020725389,0.033678756,0.023316062,0.106217617,0.046632124,0.046632124,0,0,0,0,0
BradDorfman,416802newsML.txt,0.475638051,152.4,84.66666667,0.334106729,0.148491879,0.076566125,0.085846868,0.025522042,0.018561485,0.027842227,0.113689095,0.071925754,0.03712297,0,0,0,0,0
BradDorfman,418660newsML.txt,0.478773585,150.2,83.44444444,0.33490566,0.150943396,0.073113208,0.08490566,0.025943396,0.016509434,0.025943396,0.115566038,0.073113208,0.037735849,0,0,0,0,0
BradDorfman,424105newsML.txt,0.454833597,143.7391304,48.61764706,0.334389857,0.142630745,0.079239303,0.057052298,0.055467512,0.026941363,0.025356577,0.093502377,0.058637084,0.04437401,0,0,0,0,0
BradDorfman,429448newsML.txt,0.530612245,182.6666667,128.9411765,0.31377551,0.168367347,0.071428571,0.079081633,0.033163265,0.015306122,0.028061224,0.135204082,0.043367347,0.033163265,0,0,0,0,0
BradDorfman,433514newsML.txt,0.456053068,158.1,112.9285714,0.301824212,0.150912106,0.077943615,0.109452736,0.016583748,0.029850746,0.026533997,0.101160862,0.066334992,0.039800995,0,0,0,0,0
BradDorfman,440399newsML.txt,0.434563758,143.5454545,101.8709677,0.291946309,0.144295302,0.063758389,0.082214765,0.041946309,0.033557047,0.018456376,0.130872483,0.052013423,0.045302013,0,0,0,0,0
BradDorfman,447074newsML.txt,0.438253012,187.2105263,79.04444444,0.331325301,0.118975904,0.052710843,0.064759036,0.072289157,0.018072289,0.021084337,0.108433735,0.045180723,0.03313253,0,0,0,0,0
BradDorfman,453180newsML.txt,0.425210084,181.4705882,93.48484848,0.314285714,0.131092437,0.062184874,0.084033613,0.05210084,0.025210084,0.023529412,0.11092437,0.068907563,0.035294118,0,0,0,0,0
BradDorfman,453205newsML.txt,0.424190801,188.3125,83.69444444,0.313458262,0.132879046,0.059625213,0.086882453,0.051107325,0.023850085,0.022146508,0.112436116,0.073253833,0.035775128,0,0,0,0,0
BradDorfman,45336newsML.txt,0.538860104,152.2142857,66.59375,0.331606218,0.14507772,0.038860104,0.101036269,0.028497409,0.056994819,0.023316062,0.103626943,0.041450777,0.041450777,0,0,0,0,0
BradDorfman,456233newsML.txt,0.4826546,161.5909091,58.27868852,0.33785822,0.137254902,0.055806938,0.092006033,0.037707391,0.022624434,0.02413273,0.110105581,0.04826546,0.037707391,0,0,0,0,0
BradDorfman,456308newsML.txt,0.485148515,163.4,88.32432432,0.323432343,0.125412541,0.056105611,0.077557756,0.054455446,0.031353135,0.021452145,0.123762376,0.067656766,0.037953795,0,0,0,0,0
BradDorfman,456550newsML.txt,0.506198347,155.6470588,73.5,0.361570248,0.121900826,0.07231405,0.076446281,0.026859504,0.033057851,0.022727273,0.090909091,0.05785124,0.039256198,0,0,0,0,0
BradDorfman,457670newsML.txt,0.485768501,156.4444444,50.28571429,0.360531309,0.115749526,0.056925996,0.085388994,0.045540797,0.017077799,0.020872865,0.111954459,0.05313093,0.036053131,0,0,0,0,0
BradDorfman,460094newsML.txt,0.4826546,161.6363636,58.29508197,0.33785822,0.137254902,0.055806938,0.092006033,0.037707391,0.022624434,0.02413273,0.110105581,0.04826546,0.037707391,0,0,0,0,0
BradDorfman,462813newsML.txt,0.462686567,158.4444444,118.8333333,0.298507463,0.154850746,0.044776119,0.100746269,0.048507463,0.02238806,0.044776119,0.111940299,0.046641791,0.035447761,0,0,0,0,0
BradDorfman,492830newsML.txt,0.436300175,192.3125,73.26190476,0.342059337,0.139616056,0.073298429,0.076788831,0.029668412,0.027923211,0.034904014,0.113438045,0.055846422,0.045375218,0,0,0,0,0
BradDorfman,494048newsML.txt,0.437062937,192,76.8,0.340909091,0.13986014,0.073426573,0.076923077,0.02972028,0.027972028,0.034965035,0.113636364,0.055944056,0.045454545,0,0,0,0,0
BradDorfman,497821newsML.txt,0.544217687,88.44444444,66.33333333,0.358276644,0.106575964,0.070294785,0.049886621,0.068027211,0.034013605,0.011337868,0.088435374,0.065759637,0.027210884,0,0,0,0,0
BradDorfman,498878newsML.txt,0.494117647,125.8333333,90.6,0.298823529,0.16,0.030588235,0.08,0.042352941,0.056470588,0.023529412,0.082352941,0.044705882,0.051764706,0,0,0,0,0
BradDorfman,499850newsML.txt,0.495192308,134.3125,97.68181818,0.274038462,0.146634615,0.048076923,0.074519231,0.060096154,0.033653846,0.038461538,0.091346154,0.048076923,0.045673077,0,0,0,0,0
BradDorfman,502697newsML.txt,0.498876404,146.875,90.38461538,0.269662921,0.130337079,0.069662921,0.101123596,0.049438202,0.031460674,0.035955056,0.107865169,0.051685393,0.031460674,0,0,0,0,0
BradDorfman,509785newsML.txt,0.479522184,166.1052632,68.60869565,0.295221843,0.119453925,0.066552901,0.097269625,0.059726962,0.049488055,0.018771331,0.110921502,0.04778157,0.040955631,0,0,0,0,0
BradDorfman,510133newsML.txt,0.457700651,147.3529412,64.23076923,0.295010846,0.10845987,0.073752711,0.091106291,0.073752711,0.05856833,0.013015184,0.110629067,0.05856833,0.041214751,0,0,0,0,0
BradDorfman,510134newsML.txt,0.540453074,124.5384615,77.0952381,0.226537217,0.139158576,0.071197411,0.116504854,0.042071197,0.055016181,0.01618123,0.106796117,0.064724919,0.045307443,0,0,0,0,0
BradDorfman,532261newsML.txt,0.494887526,172.8,112.6956522,0.314928425,0.124744376,0.081799591,0.08997955,0.044989775,0.032719836,0.030674847,0.08997955,0.057259714,0.038854806,0,0,0,0,0
BradDorfman,541677newsML.txt,0.461538462,164.8235294,100.0714286,0.325910931,0.143724696,0.034412955,0.072874494,0.030364372,0.026315789,0.024291498,0.105263158,0.04048583,0.042510121,0,0,0,0,0
BradDorfman,541918newsML.txt,0.470486111,146.3809524,109.7857143,0.28125,0.157986111,0.064236111,0.086805556,0.022569444,0.034722222,0.029513889,0.085069444,0.048611111,0.045138889,0,0,0,0,0
BradDorfman,543949newsML.txt,0.488847584,172.2352941,83.65714286,0.299256506,0.154275093,0.053903346,0.087360595,0.033457249,0.044609665,0.022304833,0.100371747,0.046468401,0.035315985,0,0,0,0,0
BradDorfman,544122newsML.txt,0.481904762,184.7333333,106.5769231,0.283809524,0.163809524,0.04952381,0.087619048,0.024761905,0.04952381,0.019047619,0.095238095,0.057142857,0.034285714,0,0,0,0,0
BradDorfman,556131newsML.txt,0.523109244,151.7058824,95.51851852,0.306722689,0.157563025,0.052521008,0.109243697,0.025210084,0.039915966,0.021008403,0.113445378,0.054621849,0.042016807,0,0,0,0,0
BradDorfman,559756newsML.txt,0.457735247,177.8421053,84.475,0.307814992,0.119617225,0.063795853,0.062200957,0.063795853,0.03030303,0.020733652,0.122807018,0.068580542,0.038277512,0,0,0,0,0
DarrenSchuettler,392045newsML.txt,0.466206897,227.5294118,84.08695652,0.296551724,0.151724138,0.049655172,0.07862069,0.046896552,0.045517241,0.027586207,0.103448276,0.044137931,0.044137931,0,0,0,0,0
DarrenSchuettler,394766newsML.txt,0.49689441,171.0666667,116.6363636,0.322981366,0.144927536,0.068322981,0.084886128,0.041407867,0.037267081,0.016563147,0.118012422,0.035196687,0.043478261,0,0,0,0,0
DarrenSchuettler,409728newsML.txt,0.49204666,163.3870968,129.8717949,0.335100742,0.12195122,0.077412513,0.097560976,0.026511135,0.037115589,0.022269353,0.112407211,0.040296925,0.038176034,0,0,0,0,0
DarrenSchuettler,426024newsML.txt,0.497393118,176.6666667,112.7659574,0.303441084,0.151199166,0.063607925,0.111574557,0.030239833,0.033368092,0.018769552,0.106360792,0.04379562,0.040667362,0,0,0,0,0
DarrenSchuettler,431621newsML.txt,0.503589744,163.5757576,119.9555556,0.301538462,0.148717949,0.068717949,0.106666667,0.031794872,0.032820513,0.018461538,0.107692308,0.043076923,0.037948718,0,0,0,0,0
DarrenSchuettler,432674newsML.txt,0.509090909,201.6428571,117.625,0.323232323,0.147474747,0.066666667,0.098989899,0.022222222,0.028282828,0.038383838,0.121212121,0.022222222,0.034343434,0,0,0,0,0
DarrenSchuettler,43376newsML.txt,0.552693208,156.5333333,123.5789474,0.348946136,0.138173302,0.067915691,0.079625293,0.018735363,0.018735363,0.021077283,0.110070258,0.046838407,0.039812646,0,0,0,0,0
DarrenSchuettler,435085newsML.txt,0.575376884,127.1176471,120.0555556,0.33919598,0.125628141,0.077889447,0.072864322,0.037688442,0.055276382,0.025125628,0.108040201,0.050251256,0.042713568,0,0,0,0,0
DarrenSchuettler,438913newsML.txt,0.557422969,136,105.7777778,0.316526611,0.148459384,0.075630252,0.106442577,0.014005602,0.030812325,0.011204482,0.100840336,0.036414566,0.047619048,0,0,0,0,0
DarrenSchuettler,451979newsML.txt,0.549586777,140.1578947,106.52,0.338842975,0.128099174,0.07231405,0.08677686,0.030991736,0.030991736,0.010330579,0.115702479,0.049586777,0.037190083,0,0,0,0,0
DarrenSchuettler,452451newsML.txt,0.519002375,178.6923077,122.2631579,0.305225653,0.14608076,0.062945368,0.109263658,0.035629454,0.03087886,0.017814727,0.10807601,0.047505938,0.036817102,0,0,0,0,0
DarrenSchuettler,455651newsML.txt,0.567264574,147.0588235,89.28571429,0.343049327,0.14573991,0.067264574,0.096412556,0.029147982,0.033632287,0.015695067,0.107623318,0.038116592,0.042600897,0,0,0,0,0
DarrenSchuettler,45789newsML.txt,0.498677249,156.0384615,82.79591837,0.354497354,0.117724868,0.07010582,0.079365079,0.031746032,0.027777778,0.014550265,0.092592593,0.046296296,0.043650794,0,0,0,0,0
DarrenSchuettler,459010newsML.txt,0.508885299,161.6190476,80.80952381,0.33279483,0.137318255,0.066235864,0.108239095,0.030694669,0.033925687,0.017770598,0.111470113,0.032310178,0.042003231,0,0,0,0,0
DarrenSchuettler,459922newsML.txt,0.500802568,162.9047619,85.525,0.337078652,0.134831461,0.064205457,0.107544141,0.030497592,0.033707865,0.019261637,0.113964687,0.032102729,0.041733547,0,0,0,0,0
DarrenSchuettler,469968newsML.txt,0.553941909,177.0666667,120.7272727,0.32780083,0.157676349,0.070539419,0.107883817,0.020746888,0.020746888,0.014522822,0.134854772,0.039419087,0.03526971,0,0,0,0,0
DarrenSchuettler,471511newsML.txt,0.483180428,164.5625,99.35849057,0.288481142,0.142711519,0.062181448,0.090723751,0.028542304,0.042813456,0.019367992,0.109072375,0.043832824,0.04077472,0,0,0,0,0
DarrenSchuettler,471525newsML.txt,0.491358025,175.28,101.9069767,0.316049383,0.141975309,0.064197531,0.085185185,0.032098765,0.030864198,0.019753086,0.12345679,0.041975309,0.038271605,0,0,0,0,0
DarrenSchuettler,481633newsML.txt,0.543478261,166.0588235,85.54545455,0.337944664,0.138339921,0.053359684,0.071146245,0.053359684,0.033596838,0.015810277,0.12055336,0.031620553,0.041501976,0,0,0,0,0
DarrenSchuettler,482557newsML.txt,0.543478261,166.1176471,85.57575758,0.337944664,0.138339921,0.053359684,0.071146245,0.053359684,0.033596838,0.015810277,0.12055336,0.031620553,0.041501976,0,0,0,0,0
DarrenSchuettler,48300newsML.txt,0.470238095,144.1111111,83.67741935,0.283730159,0.117063492,0.087301587,0.083333333,0.071428571,0.017857143,0.015873016,0.103174603,0.045634921,0.033730159,0,0,0,0,0
DarrenSchuettler,486842newsML.txt,0.545794393,171.0588235,83.08571429,0.314018692,0.153271028,0.061682243,0.08411215,0.031775701,0.035514019,0.014953271,0.123364486,0.024299065,0.035514019,0,0,0,0,0
DarrenSchuettler,488540newsML.txt,0.482191781,172.7083333,101.097561,0.369863014,0.139726027,0.060273973,0.101369863,0.016438356,0.024657534,0.01369863,0.119178082,0.030136986,0.042465753,0,0,0,0,0
DarrenSchuettler,488986newsML.txt,0.482191781,172.75,101.1219512,0.369863014,0.139726027,0.060273973,0.101369863,0.016438356,0.024657534,0.01369863,0.119178082,0.030136986,0.042465753,0,0,0,0,0
DarrenSchuettler,499175newsML.txt,0.451451451,183.8666667,122.5777778,0.302302302,0.162162162,0.06006006,0.093093093,0.023023023,0.033033033,0.015015015,0.124124124,0.033033033,0.041041041,0,0,0,0,0
DarrenSchuettler,502154newsML.txt,0.505208333,189.5217391,121.0833333,0.341145833,0.15625,0.067708333,0.091145833,0.014322917,0.03125,0.015625,0.102864583,0.044270833,0.036458333,0,0,0,0,0
DarrenSchuettler,508778newsML.txt,0.427556818,153.75,105.4285714,0.295454545,0.139204545,0.055397727,0.089488636,0.061079545,0.022727273,0.012784091,0.140625,0.026988636,0.042613636,0,0,0,0,0
DarrenSchuettler,521312newsML.txt,0.493647913,142.2857143,106.7142857,0.326678766,0.136116152,0.070780399,0.108892922,0.019963702,0.041742287,0.012704174,0.094373866,0.043557169,0.047186933,0,0,0,0,0
DarrenSchuettler,523429newsML.txt,0.502293578,139.8235294,103.3478261,0.27293578,0.155963303,0.064220183,0.075688073,0.075688073,0.043577982,0.020642202,0.094036697,0.020642202,0.043577982,0,0,0,0,0
DarrenSchuettler,524128newsML.txt,0.5129683,139.8461538,72.72,0.293948127,0.109510086,0.066282421,0.063400576,0.095100865,0.020172911,0.034582133,0.112391931,0.031700288,0.048991354,0,0,0,0,0
DarrenSchuettler,537438newsML.txt,0.508137432,155.6,94.3030303,0.347197107,0.151898734,0.054249548,0.077757685,0.050632911,0.025316456,0.023508137,0.117540687,0.039783002,0.039783002,0,0,0,0,0
DarrenSchuettler,540778newsML.txt,0.509287926,168.5909091,100.2432432,0.342105263,0.157894737,0.058823529,0.078947368,0.018575851,0.037151703,0.010835913,0.122291022,0.026315789,0.043343653,0,0,0,0,0
DarrenSchuettler,541508newsML.txt,0.489425982,159.173913,93.87179487,0.320241692,0.155589124,0.074018127,0.080060423,0.03776435,0.039274924,0.021148036,0.098187311,0.034743202,0.042296073,0,0,0,0,0
DarrenSchuettler,54385newsML.txt,0.511182109,133.04,85.28205128,0.345047923,0.119808307,0.084664537,0.102236422,0.00798722,0.028753994,0.015974441,0.103833866,0.047923323,0.047923323,0,0,0,0,0
DarrenSchuettler,54386newsML.txt,0.50952381,133.56,90.24324324,0.344444444,0.119047619,0.084126984,0.101587302,0.007936508,0.028571429,0.015873016,0.107936508,0.047619048,0.047619048,0,0,0,0,0
DarrenSchuettler,549855newsML.txt,0.528695652,158.9,96.3030303,0.32,0.156521739,0.060869565,0.083478261,0.034782609,0.036521739,0.022608696,0.12173913,0.031304348,0.04173913,0,0,0,0,0
DarrenSchuettler,552118newsML.txt,0.520833333,174.45,112.5483871,0.341346154,0.144230769,0.064102564,0.076923077,0.032051282,0.033653846,0.022435897,0.126602564,0.024038462,0.033653846,0,0,0,0,0
DarrenSchuettler,553292newsML.txt,0.456521739,137.3913043,98.75,0.234113712,0.157190635,0.071906355,0.081939799,0.040133779,0.033444816,0.023411371,0.120401338,0.035117057,0.043478261,0,0,0,0,0
DarrenSchuettler,554793newsML.txt,0.503367003,157.1428571,106.4516129,0.323232323,0.153198653,0.063973064,0.090909091,0.03030303,0.035353535,0.025252525,0.121212121,0.025252525,0.043771044,0,0,0,0,0
DarrenSchuettler,555580newsML.txt,0.500851789,154.75,88.42857143,0.299829642,0.161839864,0.059625213,0.098807496,0.028960818,0.042589438,0.022146508,0.110732538,0.028960818,0.044293015,0,0,0,0,0
DarrenSchuettler,557176newsML.txt,0.50887574,176,102.6666667,0.328402367,0.128698225,0.075443787,0.090236686,0.028106509,0.039940828,0.017751479,0.100591716,0.039940828,0.039940828,0,0,0,0,0
DarrenSchuettler,558717newsML.txt,0.49339207,150.92,96.74358974,0.336270191,0.155653451,0.064610866,0.088105727,0.02349486,0.032305433,0.013215859,0.10866373,0.03671072,0.041116006,0,0,0,0,0
DarrenSchuettler,559158newsML.txt,0.450322581,173.92,108.7,0.327741935,0.134193548,0.065806452,0.083870968,0.027096774,0.03483871,0.016774194,0.138064516,0.037419355,0.037419355,0,0,0,0,0
DarrenSchuettler,560178newsML.txt,0.446327684,163.1666667,101.9791667,0.334463277,0.142372881,0.050847458,0.088135593,0.018079096,0.032768362,0.01920904,0.13220339,0.032768362,0.038418079,0,0,0,0,0
DarrenSchuettler,561091newsML.txt,0.471447543,152.3461538,99.025,0.290836653,0.136786189,0.04249668,0.082337317,0.037184595,0.035856574,0.019920319,0.119521912,0.043824701,0.039840637,0,0,0,0,0
DarrenSchuettler,561128newsML.txt,0.433403805,159.1875,113.2,0.332980973,0.126849894,0.045454545,0.083509514,0.032769556,0.027484144,0.015856237,0.139534884,0.040169133,0.036997886,0,0,0,0,0
DarrenSchuettler,561518newsML.txt,0.470822281,152.5384615,99.15,0.290450928,0.136604775,0.042440318,0.083554377,0.037135279,0.035809019,0.019893899,0.119363395,0.043766578,0.039787798,0,0,0,0,0
DarrenSchuettler,561535newsML.txt,0.486810552,152.4827586,74.94915254,0.336930456,0.118705036,0.070743405,0.094724221,0.027577938,0.020383693,0.021582734,0.10911271,0.040767386,0.047961631,0,0,0,0,0
DarrenSchuettler,561555newsML.txt,0.44701087,164.4166667,112.7428571,0.331521739,0.145380435,0.046195652,0.08423913,0.017663043,0.033967391,0.029891304,0.13451087,0.025815217,0.038043478,0,0,0,0,0
DarrenSchuettler,562335newsML.txt,0.480148883,179.28,109.3170732,0.332506203,0.158808933,0.050868486,0.076923077,0.024813896,0.033498759,0.024813896,0.126550868,0.032258065,0.040942928,0,0,0,0,0
DavidLawder,183833newsML.txt,0.545226131,194.75,106.2272727,0.326633166,0.148241206,0.115577889,0.075376884,0.030150754,0.01758794,0.012562814,0.082914573,0.057788945,0.035175879,0,0,0,0,0
DavidLawder,18717newsML.txt,0.494661922,188.3125,120.52,0.318505338,0.158362989,0.056939502,0.110320285,0.021352313,0.039145907,0.037366548,0.096085409,0.039145907,0.035587189,0,0,0,0,0
DavidLawder,193380newsML.txt,0.477124183,224.8666667,102.2121212,0.343137255,0.119281046,0.08496732,0.081699346,0.04248366,0.02124183,0.029411765,0.10620915,0.045751634,0.029411765,0,0,0,0,0
DavidLawder,194855newsML.txt,0.53125,199.3333333,104,0.323660714,0.151785714,0.055803571,0.102678571,0.017857143,0.03125,0.03125,0.113839286,0.066964286,0.035714286,0,0,0,0,0
DavidLawder,195623newsML.txt,0.47826087,161.6666667,66.13636364,0.34057971,0.123188406,0.072463768,0.057971014,0.039855072,0.018115942,0.019927536,0.099637681,0.06884058,0.043478261,0,0,0,0,0
DavidLawder,195624newsML.txt,0.482078853,154.8421053,66.86363636,0.340501792,0.123655914,0.071684588,0.05734767,0.039426523,0.017921147,0.019713262,0.100358423,0.068100358,0.043010753,0,0,0,0,0
DavidLawder,201827newsML.txt,0.501572327,193.7777778,109,0.31918239,0.132075472,0.088050314,0.100628931,0.037735849,0.028301887,0.02672956,0.099056604,0.034591195,0.036163522,0,0,0,0,0
DavidLawder,202581newsML.txt,0.506329114,176,85.85365854,0.325949367,0.121835443,0.091772152,0.079113924,0.047468354,0.034810127,0.022151899,0.102848101,0.042721519,0.039556962,0,0,0,0,0
DavidLawder,203662newsML.txt,0.506329114,176.15,85.92682927,0.325949367,0.121835443,0.091772152,0.079113924,0.047468354,0.034810127,0.022151899,0.102848101,0.042721519,0.039556962,0,0,0,0,0
DavidLawder,204323newsML.txt,0.556626506,162.2142857,133.5882353,0.26746988,0.144578313,0.077108434,0.091566265,0.043373494,0.05060241,0.024096386,0.096385542,0.031325301,0.036144578,0,0,0,0,0
DavidLawder,217962newsML.txt,0.484482759,203.625,83.53846154,0.344827586,0.127586207,0.072413793,0.089655172,0.031034483,0.024137931,0.039655172,0.094827586,0.053448276,0.039655172,0,0,0,0,0
DavidLawder,220677newsML.txt,0.47654321,194.0909091,125.5882353,0.271604938,0.09382716,0.088888889,0.118518519,0.098765432,0.022222222,0.009876543,0.103703704,0.061728395,0.034567901,0,0,0,0,0
DavidLawder,227505newsML.txt,0.44292804,179.92,107.0952381,0.307692308,0.148883375,0.05955335,0.106699752,0.042183623,0.024813896,0.032258065,0.095533499,0.029776675,0.033498759,0,0,0,0,0
DavidLawder,2287newsML.txt,0.45567867,201.05,98.07317073,0.333795014,0.120498615,0.070637119,0.084487535,0.042936288,0.037396122,0.01800554,0.103878116,0.051246537,0.040166205,0,0,0,0,0
DavidLawder,234153newsML.txt,0.45814978,192.95,116.9393939,0.336270191,0.12041116,0.085168869,0.066079295,0.033773862,0.027900147,0.024963289,0.118942731,0.052863436,0.038179148,0,0,0,0,0
DavidLawder,234761newsML.txt,0.453744493,153.5833333,62.47457627,0.389133627,0.093979442,0.06020558,0.058737151,0.076358297,0.032305433,0.022026432,0.110132159,0.058737151,0.039647577,0,0,0,0,0
DavidLawder,236095newsML.txt,0.509933775,176.8,126.2857143,0.364238411,0.145695364,0.06401766,0.086092715,0.015452539,0.017660044,0.022075055,0.094922737,0.059602649,0.037527594,0,0,0,0,0
DavidLawder,237047newsML.txt,0.482919255,187.3157895,111.21875,0.322981366,0.141304348,0.060559006,0.072981366,0.032608696,0.032608696,0.027950311,0.110248447,0.045031056,0.034161491,0,0,0,0,0
DavidLawder,237690newsML.txt,0.5,187.4117647,122.5384615,0.353046595,0.143369176,0.062724014,0.08781362,0.017921147,0.019713262,0.017921147,0.105734767,0.0609319,0.035842294,0,0,0,0,0
DavidLawder,238265newsML.txt,0.446771379,172.8888889,57.62962963,0.357766143,0.111692845,0.052356021,0.082024433,0.085514834,0.036649215,0.02617801,0.106457243,0.04886562,0.040139616,0,0,0,0,0
DavidLawder,24396newsML.txt,0.484780158,207.6521739,86.83636364,0.289740699,0.133032694,0.090191657,0.090191657,0.036076663,0.030439684,0.021420519,0.107102593,0.054114994,0.040586246,0,0,0,0,0
DavidLawder,25092newsML.txt,0.523138833,152.8888889,78.62857143,0.32193159,0.128772636,0.078470825,0.078470825,0.050301811,0.028169014,0.032193159,0.084507042,0.050301811,0.038229376,0,0,0,0,0
DavidLawder,267210newsML.txt,0.470326409,201.3333333,92.92307692,0.330860534,0.117210682,0.081602374,0.069732938,0.056379822,0.026706231,0.03115727,0.102373887,0.053412463,0.034124629,0,0,0,0,0
DavidLawder,267732newsML.txt,0.47102526,201.3888889,92.94871795,0.331352155,0.117384844,0.081723626,0.069836553,0.056463596,0.026745914,0.031203566,0.102526003,0.052005944,0.034175334,0,0,0,0,0
DavidLawder,27371newsML.txt,0.459899749,174.4,92.76595745,0.304511278,0.166666667,0.058897243,0.097744361,0.023809524,0.042606516,0.035087719,0.104010025,0.037593985,0.042606516,0,0,0,0,0
DavidLawder,285651newsML.txt,0.43059126,175.0416667,57.54794521,0.336760925,0.127249357,0.066838046,0.064267352,0.092544987,0.028277635,0.024421594,0.088688946,0.042416452,0.039845758,0,0,0,0,0
DavidLawder,287113newsML.txt,0.492040521,195.5,97.75,0.340086831,0.114327062,0.112879884,0.091172214,0.020260492,0.030390738,0.023154848,0.092619392,0.046309696,0.03617945,0,0,0,0,0
DavidLawder,287624newsML.txt,0.471389646,234.4705882,142.3571429,0.332425068,0.123978202,0.080381471,0.130790191,0.020435967,0.019073569,0.023160763,0.098092643,0.058583106,0.035422343,0,0,0,0,0
DavidLawder,287844newsML.txt,0.55078125,202,144.2857143,0.3203125,0.1484375,0.08984375,0.09375,0.0234375,0.037109375,0.025390625,0.1015625,0.041015625,0.037109375,0,0,0,0,0
DavidLawder,288662newsML.txt,0.560240964,208.7142857,146.1,0.325301205,0.144578313,0.090361446,0.096385542,0.024096386,0.032128514,0.026104418,0.100401606,0.042168675,0.034136546,0,0,0,0,0
DavidLawder,290135newsML.txt,0.544270833,219.9,157.0714286,0.307291667,0.151041667,0.0625,0.072916667,0.0078125,0.059895833,0.03125,0.098958333,0.028645833,0.033854167,0,0,0,0,0
DavidLawder,290324newsML.txt,0.543577982,184,95.68,0.330275229,0.160550459,0.055045872,0.064220183,0.04587156,0.041284404,0.036697248,0.105504587,0.043577982,0.03440367,0,0,0,0,0
DavidLawder,291225newsML.txt,0.549450549,165,86.08695652,0.343406593,0.151098901,0.052197802,0.06043956,0.049450549,0.041208791,0.035714286,0.107142857,0.052197802,0.035714286,0,0,0,0,0
DavidLawder,292695newsML.txt,0.462937063,175.8636364,77.38,0.300699301,0.13986014,0.061538462,0.068531469,0.057342657,0.039160839,0.030769231,0.125874126,0.036363636,0.037762238,0,0,0,0,0
DavidLawder,294544newsML.txt,0.532038835,164.4117647,84.6969697,0.306796117,0.157281553,0.054368932,0.052427184,0.040776699,0.048543689,0.031067961,0.12038835,0.042718447,0.040776699,0,0,0,0,0
DavidLawder,301809newsML.txt,0.495145631,190.8666667,114.52,0.33592233,0.153398058,0.075728155,0.085436893,0.023300971,0.013592233,0.036893204,0.097087379,0.058252427,0.038834951,0,0,0,0,0
DavidLawder,305874newsML.txt,0.515933232,202.1666667,107.0294118,0.329286798,0.145675266,0.050075873,0.109256449,0.025796662,0.031866464,0.02124431,0.109256449,0.057663126,0.037936267,0,0,0,0,0
DavidLawder,309803newsML.txt,0.47972028,157.25,82.04347826,0.331468531,0.13006993,0.086713287,0.083916084,0.032167832,0.032167832,0.016783217,0.103496503,0.036363636,0.043356643,0,0,0,0,0
DavidLawder,314006newsML.txt,0.446202532,188.5,109.4516129,0.329113924,0.125,0.060126582,0.088607595,0.033227848,0.026898734,0.033227848,0.094936709,0.055379747,0.036392405,0,0,0,0,0
DavidLawder,316966newsML.txt,0.462845011,170.4666667,91.32142857,0.369426752,0.112526539,0.044585987,0.076433121,0.044585987,0.023354565,0.029723992,0.101910828,0.040339703,0.036093418,0,0,0,0,0
DavidLawder,317022newsML.txt,0.416551724,192.6,116.7272727,0.343448276,0.117241379,0.04137931,0.093793103,0.053793103,0.028965517,0.027586207,0.106206897,0.04,0.034482759,0,0,0,0,0
DavidLawder,321566newsML.txt,0.452948557,205.8,65.33333333,0.278544542,0.102885822,0.063989962,0.077791719,0.094102886,0.027603513,0.020075282,0.109159348,0.051442911,0.036386449,0,0,0,0,0
DavidLawder,321597newsML.txt,0.463917526,189,70.47457627,0.266752577,0.113402062,0.070876289,0.096649485,0.082474227,0.024484536,0.021907216,0.104381443,0.046391753,0.037371134,0,0,0,0,0
DavidLawder,322727newsML.txt,0.44741533,156.9473684,58.47058824,0.251336898,0.101604278,0.076648841,0.080213904,0.110516934,0.012477718,0.019607843,0.115864528,0.057040998,0.033868093,0,0,0,0,0
DavidLawder,325690newsML.txt,0.533169533,138.5,85.23076923,0.257985258,0.142506143,0.054054054,0.081081081,0.063882064,0.029484029,0.024570025,0.100737101,0.061425061,0.044226044,0,0,0,0,0
DavidLawder,32590newsML.txt,0.50147929,190.2105263,133.8518519,0.285502959,0.146449704,0.066568047,0.109467456,0.020710059,0.032544379,0.026627219,0.112426036,0.051775148,0.032544379,0,0,0,0,0
DavidLawder,330994newsML.txt,0.456944444,197.7368421,89.45238095,0.320833333,0.133333333,0.05,0.076388889,0.066666667,0.027777778,0.029166667,0.109722222,0.038888889,0.036111111,0,0,0,0,0
DavidLawder,33121newsML.txt,0.521348315,206,88.28571429,0.316853933,0.166292135,0.049438202,0.125842697,0.029213483,0.031460674,0.031460674,0.107865169,0.031460674,0.038202247,0,0,0,0,0
DavidLawder,334855newsML.txt,0.491743119,168,98.48275862,0.310091743,0.12293578,0.055045872,0.089908257,0.073394495,0.029357798,0.033027523,0.113761468,0.027522936,0.034862385,0,0,0,0,0
DavidLawder,336711newsML.txt,0.454409567,184.7368421,81.62790698,0.292974589,0.131539611,0.064275037,0.070254111,0.074738416,0.034379671,0.01793722,0.113602392,0.052316891,0.034379671,0,0,0,0,0
EdnaFernandes,232106newsML.txt,0.665024631,134.6666667,101,0.275862069,0.162561576,0.068965517,0.098522167,0.054187192,0.049261084,0.019704433,0.137931034,0.019704433,0.044334975,0,0,0,0,0
EdnaFernandes,232139newsML.txt,0.496753247,181.6666667,83.84615385,0.308441558,0.142857143,0.063311688,0.089285714,0.069805195,0.016233766,0.027597403,0.11525974,0.035714286,0.047077922,0,0,0,0,0
EdnaFernandes,232185newsML.txt,0.648648649,138.8888889,104.1666667,0.31981982,0.184684685,0.09009009,0.09009009,0.004504505,0.031531532,0.027027027,0.108108108,0.04954955,0.04954955,0,0,0,0,0
EdnaFernandes,232587newsML.txt,0.510638298,158.8181818,91.94736842,0.32218845,0.142857143,0.051671733,0.09118541,0.054711246,0.018237082,0.030395137,0.100303951,0.03343465,0.048632219,0,0,0,0,0
EdnaFernandes,237920newsML.txt,0.501066098,150.375,54.68181818,0.257995736,0.104477612,0.066098081,0.081023454,0.125799574,0.021321962,0.012793177,0.089552239,0.023454158,0.040511727,0,0,0,0,0
EdnaFernandes,237949newsML.txt,0.516363636,152.45,70.90697674,0.28,0.132727273,0.070909091,0.092727273,0.096363636,0.027272727,0.018181818,0.1,0.030909091,0.050909091,0,0,0,0,0
EdnaFernandes,239175newsML.txt,0.505030181,157.7777778,101.4285714,0.325955734,0.152917505,0.070422535,0.112676056,0.010060362,0.026156942,0.022132797,0.134808853,0.032193159,0.036217304,0,0,0,0,0
EdnaFernandes,239177newsML.txt,0.449275362,209.6111111,99.28947368,0.297101449,0.147826087,0.076811594,0.111594203,0.01884058,0.026086957,0.044927536,0.108695652,0.031884058,0.034782609,0,0,0,0,0
EdnaFernandes,239190newsML.txt,0.516129032,209.3333333,109.2173913,0.313364055,0.14516129,0.085253456,0.103686636,0.006912442,0.025345622,0.034562212,0.126728111,0.025345622,0.034562212,0,0,0,0,0
EdnaFernandes,240426newsML.txt,0.47715736,183.0555556,89.05405405,0.307952623,0.145516074,0.077834179,0.116751269,0.016920474,0.021996616,0.043993232,0.111675127,0.0321489,0.0321489,0,0,0,0,0
EdnaFernandes,240680newsML.txt,0.53815261,170.875,85.4375,0.301204819,0.142570281,0.068273092,0.096385542,0.06626506,0.032128514,0.02811245,0.102409639,0.036144578,0.046184739,0,0,0,0,0
EdnaFernandes,241063newsML.txt,0.579787234,174,90.7826087,0.281914894,0.164893617,0.058510638,0.095744681,0.066489362,0.02393617,0.039893617,0.117021277,0.021276596,0.045212766,0,0,0,0,0
EdnaFernandes,253043newsML.txt,0.521042084,175.875,112.56,0.290581162,0.148296593,0.072144289,0.104208417,0.072144289,0.018036072,0.024048096,0.112224449,0.03006012,0.036072144,0,0,0,0,0
EdnaFernandes,254322newsML.txt,0.523560209,194.125,119.4615385,0.30017452,0.15008726,0.068062827,0.071553229,0.059336824,0.034904014,0.020942408,0.111692845,0.036649215,0.031413613,0,0,0,0,0
EdnaFernandes,255765newsML.txt,0.510344828,181.4117647,85.66666667,0.3,0.143103448,0.072413793,0.087931034,0.048275862,0.034482759,0.027586207,0.106896552,0.024137931,0.044827586,0,0,0,0,0
EdnaFernandes,255821newsML.txt,0.544757033,181.7272727,83.29166667,0.283887468,0.168797954,0.056265985,0.104859335,0.030690537,0.033248082,0.025575448,0.117647059,0.033248082,0.043478261,0,0,0,0,0
EdnaFernandes,266476newsML.txt,0.540697674,163.0909091,112.125,0.255813953,0.165697674,0.037790698,0.125,0.037790698,0.040697674,0.029069767,0.11627907,0.037790698,0.034883721,0,0,0,0,0
EdnaFernandes,286508newsML.txt,0.462643678,150.1666667,112.625,0.288314176,0.168582375,0.04789272,0.090996169,0.028735632,0.033524904,0.022030651,0.102490421,0.036398467,0.044061303,0,0,0,0,0
EdnaFernandes,290492newsML.txt,0.500829187,186.8333333,112.1,0.306799337,0.147595357,0.104477612,0.084577114,0.026533997,0.031509121,0.03814262,0.12106136,0.039800995,0.03814262,0,0,0,0,0
EdnaFernandes,297212newsML.txt,0.477011494,176.625,108.6923077,0.298850575,0.139846743,0.061302682,0.099616858,0.078544061,0.036398467,0.03256705,0.118773946,0.013409962,0.038314176,0,0,0,0,0
EdnaFernandes,298705newsML.txt,0.510172144,179.6842105,100.4117647,0.312989045,0.122065728,0.082942097,0.095461659,0.040688576,0.031298905,0.017214397,0.125195618,0.028169014,0.043818466,0,0,0,0,0
EdnaFernandes,299970newsML.txt,0.550408719,166.5833333,79.96,0.321525886,0.138964578,0.057220708,0.108991826,0.059945504,0.029972752,0.019073569,0.114441417,0.032697548,0.049046322,0,0,0,0,0
EdnaFernandes,303604newsML.txt,0.487734488,207.4444444,69.14814815,0.26984127,0.128427128,0.076479076,0.075036075,0.098124098,0.017316017,0.031746032,0.115440115,0.046176046,0.044733045,0,0,0,0,0
EdnaFernandes,303705newsML.txt,0.50249584,155.5238095,56.31034483,0.261231281,0.124792013,0.069883527,0.068219634,0.134775374,0.016638935,0.02828619,0.119800333,0.043261231,0.044925125,0,0,0,0,0
EdnaFernandes,308096newsML.txt,0.504115226,153.5882353,113.5217391,0.339506173,0.148148148,0.065843621,0.094650206,0.020576132,0.022633745,0.024691358,0.125514403,0.018518519,0.041152263,0,0,0,0,0
EdnaFernandes,309658newsML.txt,0.503416856,155.8,106.2272727,0.332574032,0.15261959,0.06833713,0.097949886,0.020501139,0.022779043,0.020501139,0.120728929,0.025056948,0.038724374,0,0,0,0,0
EdnaFernandes,309691newsML.txt,0.544554455,146.7333333,122.2777778,0.329207921,0.150990099,0.051980198,0.096534653,0.002475248,0.01980198,0.022277228,0.128712871,0.024752475,0.042079208,0,0,0,0,0
EdnaFernandes,31097newsML.txt,0.553738318,152.5333333,104,0.301401869,0.147196262,0.072429907,0.10046729,0.053738318,0.018691589,0.023364486,0.11682243,0.042056075,0.039719626,0,0,0,0,0
EdnaFernandes,311197newsML.txt,0.489451477,204.7222222,118.8709677,0.313642757,0.132208158,0.063291139,0.091420534,0.026722925,0.045007032,0.023909986,0.130801688,0.047819972,0.035161744,0,0,0,0,0
EdnaFernandes,311202newsML.txt,0.460773481,168.6428571,118.05,0.308287293,0.144751381,0.056353591,0.099447514,0.019889503,0.040883978,0.022099448,0.122651934,0.060773481,0.035359116,0,0,0,0,0
EdnaFernandes,312577newsML.txt,0.456944444,156.1666667,107.0857143,0.304166667,0.134722222,0.069444444,0.102777778,0.029166667,0.034722222,0.025,0.119444444,0.055555556,0.040277778,0,0,0,0,0
EdnaFernandes,313399newsML.txt,0.471786834,158.9047619,98.14705882,0.311912226,0.139498433,0.072100313,0.098746082,0.017241379,0.032915361,0.026645768,0.117554859,0.056426332,0.040752351,0,0,0,0,0
EdnaFernandes,314446newsML.txt,0.545454545,170.3809524,115.4193548,0.352850539,0.13559322,0.066255778,0.083204931,0.040061633,0.036979969,0.018489985,0.11248074,0.026194145,0.040061633,0,0,0,0,0
EdnaFernandes,319311newsML.txt,0.469820555,167.6,98.58823529,0.314845024,0.135399674,0.053833605,0.096247961,0.065252855,0.027732463,0.032626427,0.128874388,0.032626427,0.040783034,0,0,0,0,0
EdnaFernandes,320924newsML.txt,0.442048518,193.3,120.8125,0.299191375,0.134770889,0.080862534,0.106469003,0.026954178,0.026954178,0.025606469,0.126684636,0.039083558,0.037735849,0,0,0,0,0
EdnaFernandes,322428newsML.txt,0.440890125,186.9,124.6,0.299026426,0.133518776,0.082058414,0.104311544,0.025034771,0.030598053,0.02364395,0.126564673,0.041724618,0.036161335,0,0,0,0,0
EdnaFernandes,327640newsML.txt,0.573033708,157.0625,104.7083333,0.352808989,0.123595506,0.08988764,0.076404494,0.038202247,0.040449438,0.020224719,0.094382022,0.040449438,0.038202247,0,0,0,0,0
EdnaFernandes,32950newsML.txt,0.51584507,166.5789474,93.08823529,0.325704225,0.102112676,0.093309859,0.100352113,0.049295775,0.033450704,0.008802817,0.123239437,0.047535211,0.035211268,0,0,0,0,0
EdnaFernandes,331632newsML.txt,0.462555066,199.2777778,112.09375,0.262848752,0.167400881,0.070484581,0.095447871,0.03671072,0.032305433,0.024963289,0.117474302,0.03671072,0.039647577,0,0,0,0,0
EdnaFernandes,331647newsML.txt,0.509803922,180.8571429,105.5,0.274509804,0.158263305,0.065826331,0.086834734,0.051820728,0.042016807,0.022408964,0.105042017,0.037815126,0.042016807,0,0,0,0,0
EdnaFernandes,337133newsML.txt,0.485008818,161.6842105,71.44186047,0.324514991,0.134038801,0.065255732,0.088183422,0.061728395,0.014109347,0.026455026,0.105820106,0.049382716,0.037037037,0,0,0,0,0
EdnaFernandes,343315newsML.txt,0.566191446,165.2941176,133.8095238,0.354378819,0.136456212,0.048879837,0.112016293,0.048879837,0.024439919,0.022403259,0.109979633,0.022403259,0.036659878,0,0,0,0,0
EdnaFernandes,344955newsML.txt,0.578703704,131,131,0.375,0.138888889,0.046296296,0.101851852,0.018518519,0.032407407,0.018518519,0.115740741,0.050925926,0.037037037,0,0,0,0,0
EdnaFernandes,347916newsML.txt,0.56302521,177.6,88.8,0.298319328,0.149159664,0.077731092,0.069327731,0.084033613,0.029411765,0.037815126,0.100840336,0.025210084,0.031512605,0,0,0,0,0
EdnaFernandes,351972newsML.txt,0.483535529,189.4705882,80.525,0.298093588,0.175043328,0.08492201,0.117850953,0.013864818,0.022530329,0.029462738,0.124783362,0.024263432,0.043327556,0,0,0,0,0
EdnaFernandes,352437newsML.txt,0.483535529,189.3529412,80.475,0.298093588,0.175043328,0.08492201,0.117850953,0.013864818,0.022530329,0.029462738,0.124783362,0.024263432,0.043327556,0,0,0,0,0
EdnaFernandes,352479newsML.txt,0.566985646,148.7333333,82.62962963,0.311004785,0.124401914,0.06937799,0.093301435,0.081339713,0.023923445,0.0215311,0.100478469,0.038277512,0.045454545,0,0,0,0,0
EdnaFernandes,355041newsML.txt,0.495987159,177,126.4285714,0.327447833,0.155698234,0.052969502,0.097913323,0.009630819,0.024077047,0.032102729,0.123595506,0.028892456,0.040128411,0,0,0,0,0
EdnaFernandes,358016newsML.txt,0.474178404,185.5789474,130.5925926,0.283255086,0.143974961,0.07198748,0.115805947,0.045383412,0.029733959,0.028169014,0.122065728,0.042253521,0.031298905,0,0,0,0,0
EdnaFernandes,36015newsML.txt,0.561403509,138.1111111,85.72413793,0.276315789,0.13377193,0.098684211,0.083333333,0.063596491,0.026315789,0.028508772,0.11622807,0.028508772,0.043859649,0,0,0,0,0
EricAuchard,314122newsML.txt,0.462427746,165.4705882,87.90625,0.323699422,0.132947977,0.055876686,0.107899807,0.04238921,0.040462428,0.032755299,0.117533719,0.040462428,0.044315992,0,0,0,0,0
EricAuchard,316916newsML.txt,0.556122449,165.3076923,74.10344828,0.344387755,0.117346939,0.076530612,0.084183673,0.058673469,0.015306122,0.015306122,0.114795918,0.06377551,0.035714286,0,0,0,0,0
EricAuchard,320619newsML.txt,0.46230441,160.3913043,102.4722222,0.297297297,0.129445235,0.07254623,0.088193457,0.059743954,0.035561878,0.027027027,0.12802276,0.036984353,0.035561878,0,0,0,0,0
EricAuchard,323831newsML.txt,0.445040214,183.3478261,120.4857143,0.316353887,0.154155496,0.065683646,0.077747989,0.045576408,0.026809651,0.028150134,0.111260054,0.034852547,0.040214477,0,0,0,0,0
EricAuchard,326019newsML.txt,0.519721578,136.7647059,101.0869565,0.294663573,0.141531323,0.07424594,0.085846868,0.053364269,0.030162413,0.023201856,0.104408353,0.034802784,0.041763341,0,0,0,0,0
EricAuchard,328845newsML.txt,0.541284404,177.0909091,88.54545455,0.382262997,0.119266055,0.073394495,0.082568807,0.051987768,0.018348624,0.018348624,0.110091743,0.04587156,0.033639144,0,0,0,0,0
EricAuchard,330573newsML.txt,0.5951417,171.25,114.1666667,0.295546559,0.133603239,0.085020243,0.064777328,0.048582996,0.048582996,0.028340081,0.12145749,0.052631579,0.036437247,0,0,0,0,0
EricAuchard,331353newsML.txt,0.873417722,120,96,0.379746835,0.164556962,0.050632911,0.050632911,0.050632911,0.025316456,0.025316456,0.139240506,0.012658228,0.050632911,0,0,0,0,0
EricAuchard,331809newsML.txt,0.451476793,168,94.24390244,0.319268636,0.122362869,0.074542897,0.085794655,0.067510549,0.021097046,0.033755274,0.109704641,0.050632911,0.035161744,0,0,0,0,0
EricAuchard,333922newsML.txt,0.563192905,168.4666667,114.8636364,0.321507761,0.152993348,0.064301552,0.084257206,0.042128603,0.035476718,0.037694013,0.106430155,0.046563193,0.039911308,0,0,0,0,0
EricAuchard,337716newsML.txt,0.495207668,163.15,130.52,0.290734824,0.138977636,0.084664537,0.100638978,0.046325879,0.033546326,0.017571885,0.095846645,0.054313099,0.031948882,0,0,0,0,0
EricAuchard,337934newsML.txt,0.525167785,153.7142857,153.7142857,0.30704698,0.137583893,0.092281879,0.098993289,0.041946309,0.030201342,0.02852349,0.093959732,0.040268456,0.033557047,0,0,0,0,0
EricAuchard,353279newsML.txt,0.5,174.8823529,114.3461538,0.332706767,0.122180451,0.077067669,0.080827068,0.04887218,0.028195489,0.020676692,0.122180451,0.052631579,0.033834586,0,0,0,0,0
EricAuchard,356361newsML.txt,0.488721805,174.4705882,82.38888889,0.306390977,0.131578947,0.073308271,0.082706767,0.046992481,0.02443609,0.031954887,0.107142857,0.030075188,0.039473684,0,0,0,0,0
EricAuchard,365349newsML.txt,0.489669421,161.9411765,105.8846154,0.347107438,0.183884298,0.064049587,0.092975207,0.016528926,0.012396694,0.02892562,0.099173554,0.039256198,0.045454545,0,0,0,0,0
EricAuchard,367137newsML.txt,0.473812424,176.3703704,105.8222222,0.353227771,0.160779537,0.06090134,0.090133983,0.021924482,0.020706456,0.036540804,0.09135201,0.051157125,0.037758831,0,0,0,0,0
EricAuchard,367764newsML.txt,0.480325645,170.8,115.4054054,0.354138399,0.147896879,0.063772049,0.086838535,0.021709634,0.027137042,0.028493894,0.088195387,0.052917232,0.040705563,0,0,0,0,0
EricAuchard,374573newsML.txt,0.426365796,189.84,153.0967742,0.289786223,0.16152019,0.065320665,0.072446556,0.042755344,0.027315914,0.043942993,0.122327791,0.034441805,0.034441805,0,0,0,0,0
EricAuchard,382287newsML.txt,0.487741935,193.2173913,105.8095238,0.36,0.116129032,0.103225806,0.082580645,0.018064516,0.023225806,0.023225806,0.113548387,0.047741935,0.032258065,0,0,0,0,0
EricAuchard,382538newsML.txt,0.467758444,198.1428571,129.0232558,0.345957011,0.118730809,0.097236438,0.080859775,0.020470829,0.025588536,0.024564995,0.120777892,0.04912999,0.029682702,0,0,0,0,0
EricAuchard,403143newsML.txt,0.468786808,174.3214286,110.9318182,0.340400471,0.136631331,0.068315665,0.09540636,0.038869258,0.03180212,0.02237927,0.107184923,0.049469965,0.036513545,0,0,0,0,0
EricAuchard,404458newsML.txt,0.526539278,167.4117647,63.24444444,0.331210191,0.161358811,0.076433121,0.10403397,0.01910828,0.021231423,0.031847134,0.095541401,0.042462845,0.042462845,0,0,0,0,0
EricAuchard,406430newsML.txt,0.52265861,166.7727273,96.55263158,0.348942598,0.132930514,0.060422961,0.083081571,0.043806647,0.024169184,0.025679758,0.110271903,0.054380665,0.036253776,0,0,0,0,0
EricAuchard,407529newsML.txt,0.481481481,187.3333333,57.85294118,0.347578348,0.136752137,0.062678063,0.07977208,0.042735043,0.021367521,0.031339031,0.106837607,0.045584046,0.037037037,0,0,0,0,0
EricAuchard,408364newsML.txt,0.471218206,205.05,64.078125,0.333333333,0.120481928,0.058902276,0.09103079,0.0562249,0.018741633,0.017402945,0.120481928,0.054886212,0.038821954,0,0,0,0,0
EricAuchard,408417newsML.txt,0.480215827,183.4705882,119.9615385,0.379496403,0.10971223,0.061151079,0.059352518,0.026978417,0.019784173,0.035971223,0.118705036,0.044964029,0.03057554,0,0,0,0,0
EricAuchard,409470newsML.txt,0.461752434,211.8421053,68.22033898,0.339360223,0.130737135,0.061196106,0.09596662,0.037552156,0.019471488,0.025034771,0.108484006,0.052851182,0.037552156,0,0,0,0,0
EricAuchard,412609newsML.txt,0.483471074,186.1363636,58.5,0.342975207,0.140495868,0.066115702,0.078512397,0.039944904,0.026170799,0.03030303,0.104683196,0.042699725,0.035812672,0,0,0,0,0
EricAuchard,416785newsML.txt,0.483412322,184.3684211,125.1071429,0.375987362,0.110584518,0.06793049,0.075829384,0.044233807,0.015797788,0.022116904,0.105845182,0.061611374,0.033175355,0,0,0,0,0
EricAuchard,418649newsML.txt,0.483412322,184.5789474,125.25,0.375987362,0.110584518,0.06793049,0.075829384,0.044233807,0.015797788,0.022116904,0.105845182,0.061611374,0.033175355,0,0,0,0,0
EricAuchard,418918newsML.txt,0.506086957,179,80.07894737,0.307826087,0.154782609,0.062608696,0.090434783,0.033043478,0.031304348,0.03826087,0.114782609,0.052173913,0.045217391,0,0,0,0,0
EricAuchard,431230newsML.txt,0.456946039,185.1153846,126.6578947,0.34902411,0.134328358,0.084959816,0.101033295,0.006888634,0.020665901,0.043628014,0.098737084,0.053960964,0.030998852,0,0,0,0,0
EricAuchard,456216newsML.txt,0.471698113,167.5454545,118.9032258,0.358490566,0.161949686,0.058176101,0.092767296,0.022012579,0.028301887,0.025157233,0.089622642,0.033018868,0.040880503,0,0,0,0,0
EricAuchard,457017newsML.txt,0.459143969,177.4,123.1944444,0.316472114,0.143968872,0.070038911,0.119325551,0.032425422,0.029831388,0.031128405,0.107652399,0.032425422,0.036316472,0,0,0,0,0
EricAuchard,459981newsML.txt,0.471698113,167.5454545,118.9032258,0.358490566,0.161949686,0.058176101,0.092767296,0.022012579,0.028301887,0.025157233,0.089622642,0.033018868,0.040880503,0,0,0,0,0
EricAuchard,465164newsML.txt,0.432065217,179.9565217,89.97826087,0.36548913,0.110054348,0.096467391,0.061141304,0.038043478,0.016304348,0.024456522,0.089673913,0.069293478,0.038043478,0,0,0,0,0
EricAuchard,470368newsML.txt,0.597744361,156.2,97.625,0.390977444,0.120300752,0.097744361,0.086466165,0.015037594,0.022556391,0.033834586,0.105263158,0.060150376,0.041353383,0,0,0,0,0
EricAuchard,482711newsML.txt,0.477862595,205.3888889,115.53125,0.334351145,0.117557252,0.097709924,0.094656489,0.032061069,0.01221374,0.036641221,0.116030534,0.042748092,0.030534351,0,0,0,0,0
EricAuchard,483679newsML.txt,0.516831683,204.2857143,105.9259259,0.326732673,0.126732673,0.097029703,0.097029703,0.031683168,0.013861386,0.035643564,0.116831683,0.043564356,0.031683168,0,0,0,0,0
EricAuchard,515983newsML.txt,0.452797203,186.9411765,102.516129,0.316433566,0.108391608,0.075174825,0.097902098,0.06993007,0.017482517,0.031468531,0.125874126,0.036713287,0.02972028,0,0,0,0,0
EricAuchard,517487newsML.txt,0.522321429,186.6428571,76.85294118,0.323660714,0.109375,0.111607143,0.080357143,0.058035714,0.008928571,0.015625,0.122767857,0.044642857,0.037946429,0,0,0,0,0
EricAuchard,517645newsML.txt,0.462686567,182.6470588,88.71428571,0.335820896,0.106343284,0.080223881,0.078358209,0.069029851,0.013059701,0.029850746,0.104477612,0.054104478,0.031716418,0,0,0,0,0
EricAuchard,523278newsML.txt,0.582386364,184.2727273,101.35,0.295454545,0.119318182,0.116477273,0.068181818,0.028409091,0.039772727,0.034090909,0.116477273,0.045454545,0.03125,0,0,0,0,0
EricAuchard,524749newsML.txt,0.417105263,175.0416667,87.52083333,0.311842105,0.118421053,0.077631579,0.078947368,0.072368421,0.031578947,0.011842105,0.121052632,0.055263158,0.035526316,0,0,0,0,0
EricAuchard,525445newsML.txt,0.406548431,175.9130435,82.57142857,0.31377899,0.113233288,0.075034106,0.080491132,0.077762619,0.028649386,0.012278308,0.121418827,0.054570259,0.036834925,0,0,0,0,0
EricAuchard,535691newsML.txt,0.511504425,178.3333333,86.75675676,0.327433628,0.12920354,0.084955752,0.049557522,0.065486726,0.012389381,0.031858407,0.102654867,0.044247788,0.042477876,0,0,0,0,0
EricAuchard,539148newsML.txt,0.526558891,150.4375,65.05405405,0.374133949,0.096997691,0.076212471,0.066974596,0.085450346,0.020785219,0.016166282,0.108545035,0.048498845,0.046189376,0,0,0,0,0
EricAuchard,553647newsML.txt,0.520642202,166.8125,111.2083333,0.364678899,0.128440367,0.068807339,0.089449541,0.018348624,0.032110092,0.03440367,0.107798165,0.029816514,0.038990826,0,0,0,0,0
EricAuchard,556113newsML.txt,0.516055046,182.0714286,98.03846154,0.371559633,0.133027523,0.087155963,0.080275229,0.018348624,0.018348624,0.038990826,0.105504587,0.041284404,0.036697248,0,0,0,0,0
EricAuchard,561840newsML.txt,0.552884615,177.5,165.6666667,0.331730769,0.144230769,0.091346154,0.086538462,0.019230769,0.019230769,0.028846154,0.115384615,0.040865385,0.03125,0,0,0,0,0
