author,content,lxical richness,segement length,sentence length,Nounword,Verbword,Adjectiveword,determinerword,numeral,adverb,To_word,preposition,comma,fullStop,pronun,WH_pronun,questionMark
AaronPressman,106247newsML.txt,0.570637119,183.0909091,111.8888889,0.340720222,0.141274238,0.074792244,0.105263158,0.019390582,0.022160665,0.013850416,0.113573407,0.058171745,0.041551247,0,0,0
AaronPressman,120600newsML.txt,0.528384279,163,113.3913043,0.312227074,0.183406114,0.074235808,0.100436681,0.004366812,0.028384279,0.032751092,0.102620087,0.041484716,0.043668122,0,0,0
AaronPressman,120683newsML.txt,0.769230769,163.3333333,163.3333333,0.371794872,0.08974359,0.141025641,0.115384615,0.025641026,0.012820513,0.012820513,0.141025641,0.051282051,0.025641026,0,0,0
AaronPressman,136958newsML.txt,0.5390625,171.1176471,126.4782609,0.3125,0.1484375,0.0546875,0.119140625,0.01953125,0.02734375,0.02734375,0.115234375,0.05078125,0.0390625,0,0,0
AaronPressman,137498newsML.txt,0.54822335,164.2857143,127.7777778,0.329949239,0.137055838,0.060913706,0.134517766,0.020304569,0.017766497,0.017766497,0.129441624,0.053299492,0.038071066,0,0,0
AaronPressman,14014newsML.txt,0.859649123,174,116,0.385964912,0.175438596,0.052631579,0.122807018,0,0,0.01754386,0.122807018,0.052631579,0.035087719,0,0,0
AaronPressman,156814newsML.txt,0.55794702,198.1666667,127.3928571,0.339403974,0.152317881,0.099337748,0.099337748,0,0.03807947,0.021523179,0.094370861,0.048013245,0.044701987,0,0,0
AaronPressman,182596newsML.txt,0.4682861,187.3913043,130.6060606,0.326585695,0.141700405,0.075573549,0.116059379,0.01754386,0.021592443,0.025641026,0.101214575,0.043184885,0.04048583,0,0,0
AaronPressman,186392newsML.txt,0.499108734,203.625,148.0909091,0.319073084,0.135472371,0.094474153,0.099821747,0.021390374,0.03030303,0.016042781,0.122994652,0.039215686,0.037433155,0,0,0
AaronPressman,193495newsML.txt,0.541208791,168,106.1052632,0.307692308,0.148351648,0.074175824,0.090659341,0.035714286,0.046703297,0.027472527,0.126373626,0.049450549,0.035714286,0,0,0
AaronPressman,196805newsML.txt,0.532653061,195.1333333,127.2608696,0.330612245,0.153061224,0.079591837,0.110204082,0,0.036734694,0.030612245,0.104081633,0.046938776,0.034693878,0,0,0
AaronPressman,197734newsML.txt,0.541208791,167.75,105.9473684,0.304945055,0.148351648,0.076923077,0.090659341,0.035714286,0.046703297,0.027472527,0.126373626,0.049450549,0.035714286,0,0,0
AaronPressman,206838newsML.txt,0.514423077,166.2857143,129.3333333,0.319711538,0.146634615,0.074519231,0.105769231,0.012019231,0.028846154,0.028846154,0.098557692,0.0625,0.036057692,0,0,0
AaronPressman,231479newsML.txt,0.483388704,186.8421053,122.4137931,0.315614618,0.179401993,0.071428571,0.101328904,0.004983389,0.033222591,0.033222591,0.096345515,0.043189369,0.03986711,0,0,0
AaronPressman,233150newsML.txt,0.46899841,164.5454545,120.6666667,0.333863275,0.138314785,0.085850556,0.124006359,0.022257552,0.028616852,0.023847377,0.095389507,0.049284579,0.041335453,0,0,0
AaronPressman,237175newsML.txt,0.492395437,183.5,101.2413793,0.319391635,0.159695817,0.045627376,0.106463878,0.020912548,0.020912548,0.034220532,0.11026616,0.043726236,0.038022814,0,0,0
AaronPressman,249407newsML.txt,0.527659574,179.6,134.7,0.304255319,0.163829787,0.080851064,0.110638298,0.008510638,0.034042553,0.019148936,0.089361702,0.027659574,0.040425532,0,0,0
AaronPressman,2537newsML.txt,0.543478261,194.3571429,85.03125,0.354347826,0.158695652,0.07173913,0.1,0.006521739,0.039130435,0.019565217,0.084782609,0.034782609,0.054347826,0,0,0
AaronPressman,266038newsML.txt,0.549327354,195.5384615,101.68,0.322869955,0.14573991,0.065022422,0.096412556,0.01793722,0.035874439,0.040358744,0.094170404,0.044843049,0.044843049,0,0,0
AaronPressman,269995newsML.txt,0.535971223,151,99.09375,0.34352518,0.142086331,0.061151079,0.086330935,0.019784173,0.044964029,0.026978417,0.097122302,0.050359712,0.043165468,0,0,0
AaronPressman,269999newsML.txt,0.511363636,166.2,99.72,0.309090909,0.145454545,0.077272727,0.125,0.006818182,0.013636364,0.038636364,0.140909091,0.043181818,0.036363636,0,0,0
AaronPressman,270046newsML.txt,0.546558704,182.5625,91.28125,0.309716599,0.147773279,0.078947368,0.115384615,0.020242915,0.034412955,0.020242915,0.113360324,0.050607287,0.038461538,0,0,0
AaronPressman,270084newsML.txt,0.535087719,164.4375,109.625,0.317982456,0.138157895,0.074561404,0.103070175,0.032894737,0.035087719,0.019736842,0.103070175,0.063596491,0.037280702,0,0,0
AaronPressman,270134newsML.txt,0.531835206,155.95,119.9615385,0.31835206,0.155430712,0.071161049,0.093632959,0.020599251,0.033707865,0.035580524,0.093632959,0.046816479,0.043071161,0,0,0
AaronPressman,270346newsML.txt,0.568764569,153.875,102.5833333,0.361305361,0.132867133,0.051282051,0.093240093,0.023310023,0.041958042,0.03030303,0.107226107,0.048951049,0.041958042,0,0,0
AaronPressman,275174newsML.txt,0.492125984,172.2941176,117.16,0.320866142,0.137795276,0.086614173,0.104330709,0.021653543,0.031496063,0.029527559,0.118110236,0.037401575,0.037401575,0,0,0
AaronPressman,277117newsML.txt,0.521367521,178.5454545,115.5294118,0.324786325,0.170940171,0.05982906,0.133903134,0.008547009,0.028490028,0.01994302,0.108262108,0.037037037,0.045584046,0,0,0
AaronPressman,277513newsML.txt,0.499133449,197.8235294,129.3461538,0.29982669,0.149046794,0.10745234,0.114384749,0.010398614,0.034662045,0.025996534,0.114384749,0.043327556,0.03812825,0,0,0
AaronPressman,290125newsML.txt,0.528907923,160.1764706,123.7727273,0.359743041,0.141327623,0.053533191,0.098501071,0.010706638,0.023554604,0.029978587,0.100642398,0.038543897,0.040685225,0,0,0
AaronPressman,299375newsML.txt,0.544520548,162,90,0.352739726,0.154109589,0.061643836,0.109589041,0.006849315,0.023972603,0.037671233,0.095890411,0.044520548,0.037671233,0,0,0
AaronPressman,312178newsML.txt,0.47752809,168.7647059,124.7391304,0.29588015,0.166666667,0.073033708,0.125468165,0.014981273,0.02247191,0.039325843,0.093632959,0.054307116,0.039325843,0,0,0
AaronPressman,324896newsML.txt,0.481717011,183.35,141.0384615,0.337042925,0.155802862,0.066772655,0.084260731,0.023847377,0.038155803,0.028616852,0.108108108,0.046104928,0.036565978,0,0,0
AaronPressman,325347newsML.txt,0.474763407,173.8571429,121.7,0.34384858,0.152996845,0.06466877,0.085173502,0.023659306,0.034700315,0.028391167,0.110410095,0.052050473,0.03785489,0,0,0
AaronPressman,330967newsML.txt,0.519134775,197.5555556,114.7096774,0.309484193,0.149750416,0.08985025,0.109816972,0.013311148,0.039933444,0.011647255,0.09484193,0.048252912,0.043261231,0,0,0
AaronPressman,331411newsML.txt,0.533783784,154.9411765,105.36,0.351351351,0.13963964,0.078828829,0.108108108,0.013513514,0.024774775,0.024774775,0.092342342,0.042792793,0.042792793,0,0,0
AaronPressman,347226newsML.txt,0.576112412,178.7857143,119.1904762,0.304449649,0.149882904,0.081967213,0.112412178,0.011709602,0.044496487,0.023419204,0.110070258,0.046838407,0.035128806,0,0,0
AaronPressman,354135newsML.txt,0.495974235,204.6111111,111.6060606,0.309178744,0.15942029,0.07568438,0.103059581,0.001610306,0.037037037,0.025764895,0.090177134,0.049919485,0.037037037,0,0,0
AaronPressman,354285newsML.txt,0.492537313,170.2380952,115.3225806,0.306799337,0.152570481,0.07628524,0.102819237,0.00331675,0.04145937,0.023217247,0.099502488,0.044776119,0.036484245,0,0,0
AaronPressman,357147newsML.txt,0.524752475,194.8333333,106.2727273,0.326732673,0.140264026,0.072607261,0.110561056,0.014851485,0.02310231,0.018151815,0.113861386,0.069306931,0.041254125,0,0,0
AaronPressman,366020newsML.txt,0.499072356,170.4210526,115.6428571,0.358070501,0.12987013,0.083487941,0.085343228,0.009276438,0.025974026,0.022263451,0.111317254,0.046382189,0.040816327,0,0,0
AaronPressman,369570newsML.txt,0.534668721,183.7619048,120.59375,0.331278891,0.146379045,0.089368259,0.095531587,0.00770416,0.032357473,0.020030817,0.095531587,0.061633282,0.041602465,0,0,0
AaronPressman,371380newsML.txt,0.530956848,170.7058824,93.61290323,0.300187617,0.155722326,0.060037523,0.091932458,0.00750469,0.03564728,0.028142589,0.108818011,0.061913696,0.045028143,0,0,0
AaronPressman,372744newsML.txt,0.518867925,146.6470588,113.3181818,0.351415094,0.143867925,0.051886792,0.110849057,0.009433962,0.04009434,0.021226415,0.094339623,0.054245283,0.04009434,0,0,0
AaronPressman,372989newsML.txt,0.527050611,176,99,0.308900524,0.151832461,0.059336824,0.090750436,0.010471204,0.033158813,0.02617801,0.109947644,0.062827225,0.045375218,0,0,0
AaronPressman,372995newsML.txt,0.530956848,171.2941176,97.06666667,0.300187617,0.155722326,0.060037523,0.091932458,0.00750469,0.03564728,0.028142589,0.108818011,0.061913696,0.045028143,0,0,0
AaronPressman,378457newsML.txt,0.503703704,170.6428571,119.45,0.320987654,0.195061728,0.079012346,0.098765432,0.002469136,0.032098765,0.032098765,0.091358025,0.039506173,0.041975309,0,0,0
AaronPressman,394237newsML.txt,0.461263409,215.2727273,121.4358974,0.278903456,0.166865316,0.079856973,0.098927294,0.007151371,0.036948749,0.032181168,0.10965435,0.058402861,0.036948749,0,0,0
AaronPressman,398094newsML.txt,0.511839709,172.5555556,135.0434783,0.346083789,0.149362477,0.06557377,0.098360656,0.023679417,0.025500911,0.025500911,0.107468124,0.041894353,0.04007286,0,0,0
AaronPressman,401260newsML.txt,0.434262948,215.75,119.8611111,0.326693227,0.12749004,0.083665339,0.115537849,0.015936255,0.03187251,0.015936255,0.107569721,0.055776892,0.039840637,0,0,0
AaronPressman,407599newsML.txt,0.511754069,194.2941176,97.14705882,0.345388788,0.128390597,0.086799277,0.108499096,0.003616637,0.028933092,0.028933092,0.097649186,0.039783002,0.036166365,0,0,0
AlanCrosby,101797newsML.txt,0.552631579,167.1428571,140.4,0.386996904,0.114551084,0.075851393,0.072755418,0.023219814,0.024767802,0.013931889,0.080495356,0.072755418,0.03250774,0,0,0
AlanCrosby,10306newsML.txt,0.505988024,117.7708333,54.35576923,0.334331337,0.119760479,0.080838323,0.084830339,0.083832335,0.026946108,0.00998004,0.103792415,0.041916168,0.036926148,0,0,0
AlanCrosby,104277newsML.txt,0.605200946,174.3076923,174.3076923,0.330969267,0.113475177,0.092198582,0.082742317,0.026004728,0.026004728,0.01891253,0.070921986,0.085106383,0.028368794,0,0,0
AlanCrosby,104278newsML.txt,0.565384615,185.4666667,173.875,0.325,0.121153846,0.084615385,0.082692308,0.026923077,0.028846154,0.023076923,0.075,0.075,0.028846154,0,0,0
AlanCrosby,10650newsML.txt,0.505905512,119.2708333,55.04807692,0.333661417,0.117125984,0.078740157,0.086614173,0.082677165,0.028543307,0.010826772,0.107283465,0.042322835,0.036417323,0,0,0
AlanCrosby,109906newsML.txt,0.569014085,140.7692308,122,0.256338028,0.138028169,0.104225352,0.121126761,0.042253521,0.03943662,0.030985915,0.107042254,0.053521127,0.033802817,0,0,0
AlanCrosby,110434newsML.txt,0.520722635,112.7291667,54.11,0.332624867,0.106269926,0.08501594,0.07120085,0.096705632,0.026567481,0.017003188,0.104144527,0.04250797,0.037194474,0,0,0
AlanCrosby,113639newsML.txt,0.612318841,127.7272727,108.0769231,0.264492754,0.166666667,0.09057971,0.083333333,0.028985507,0.050724638,0.028985507,0.09057971,0.028985507,0.043478261,0,0,0
AlanCrosby,116293newsML.txt,0.606508876,180.2,180.2,0.298816568,0.133136095,0.085798817,0.079881657,0.059171598,0.059171598,0.017751479,0.109467456,0.050295858,0.026627219,0,0,0
AlanCrosby,119516newsML.txt,0.576086957,190,126.6666667,0.279891304,0.130434783,0.105978261,0.076086957,0.032608696,0.043478261,0.027173913,0.116847826,0.0625,0.029891304,0,0,0
AlanCrosby,122806newsML.txt,0.586956522,146.9230769,112.3529412,0.258152174,0.163043478,0.070652174,0.073369565,0.04076087,0.051630435,0.024456522,0.116847826,0.035326087,0.043478261,0,0,0
AlanCrosby,122816newsML.txt,0.593272171,148.3333333,111.25,0.330275229,0.125382263,0.082568807,0.076452599,0.048929664,0.024464832,0.027522936,0.122324159,0.027522936,0.04587156,0,0,0
AlanCrosby,123025newsML.txt,0.523690773,172.8333333,103.7,0.29925187,0.127182045,0.074812968,0.082294264,0.027431421,0.042394015,0.032418953,0.124688279,0.034912718,0.039900249,0,0,0
AlanCrosby,125627newsML.txt,0.54969574,148.8823529,126.55,0.288032454,0.135902637,0.079107505,0.101419878,0.040567951,0.050709939,0.020283976,0.111561866,0.038539554,0.038539554,0,0,0
AlanCrosby,126217newsML.txt,0.532066508,164.6153846,164.6153846,0.26128266,0.133016627,0.071258907,0.114014252,0.033254157,0.052256532,0.021377672,0.135391924,0.054631829,0.028503563,0,0,0
AlanCrosby,128393newsML.txt,0.538011696,174.6,130.95,0.286549708,0.134502924,0.081871345,0.101364522,0.037037037,0.046783626,0.021442495,0.1208577,0.038986355,0.037037037,0,0,0
AlanCrosby,128405newsML.txt,0.508571429,162.5,130,0.245714286,0.163809524,0.074285714,0.091428571,0.032380952,0.062857143,0.019047619,0.100952381,0.043809524,0.036190476,0,0,0
AlanCrosby,128844newsML.txt,0.543543544,182.7777778,149.5454545,0.267267267,0.15015015,0.072072072,0.093093093,0.042042042,0.045045045,0.024024024,0.114114114,0.051051051,0.03003003,0,0,0
AlanCrosby,133183newsML.txt,0.603498542,156.9166667,110.7647059,0.285714286,0.137026239,0.078717201,0.10787172,0.058309038,0.023323615,0.020408163,0.116618076,0.072886297,0.034985423,0,0,0
AlanCrosby,134960newsML.txt,0.603550296,168,108.7058824,0.286982249,0.136094675,0.079881657,0.109467456,0.056213018,0.023668639,0.020710059,0.118343195,0.071005917,0.035502959,0,0,0
AlanCrosby,135777newsML.txt,0.559782609,134.2,111.8333333,0.29076087,0.135869565,0.065217391,0.114130435,0.065217391,0.035326087,0.019021739,0.122282609,0.038043478,0.035326087,0,0,0
AlanCrosby,136471newsML.txt,0.5625,134,108.875,0.2875,0.1375,0.0625,0.11875,0.071875,0.021875,0.021875,0.121875,0.040625,0.034375,0,0,0
AlanCrosby,139110newsML.txt,0.562025316,154.7142857,80.22222222,0.260759494,0.159493671,0.058227848,0.103797468,0.060759494,0.04556962,0.017721519,0.124050633,0.053164557,0.035443038,0,0,0
AlanCrosby,140051newsML.txt,0.575342466,154.6153846,77.30769231,0.271232877,0.153424658,0.049315068,0.106849315,0.065753425,0.046575342,0.019178082,0.117808219,0.060273973,0.035616438,0,0,0
AlanCrosby,142624newsML.txt,0.562620424,169.1764706,151.3684211,0.298651252,0.134874759,0.078998073,0.105973025,0.02504817,0.052023121,0.026974952,0.117533719,0.050096339,0.032755299,0,0,0
AlanCrosby,143222newsML.txt,0.557539683,173.875,146.4210526,0.299603175,0.134920635,0.077380952,0.109126984,0.023809524,0.049603175,0.023809524,0.123015873,0.047619048,0.033730159,0,0,0
AlanCrosby,156046newsML.txt,0.52284264,154.7142857,98.45454545,0.291878173,0.129441624,0.081218274,0.098984772,0.078680203,0.030456853,0.012690355,0.139593909,0.035532995,0.035532995,0,0,0
AlanCrosby,156330newsML.txt,0.518918919,140.5714286,70.28571429,0.286486486,0.124324324,0.07027027,0.097297297,0.086486486,0.037837838,0.010810811,0.132432432,0.035135135,0.051351351,0,0,0
AlanCrosby,185955newsML.txt,0.49789916,156.3529412,110.75,0.321428571,0.132352941,0.071428571,0.111344538,0.035714286,0.027310924,0.033613445,0.098739496,0.054621849,0.035714286,0,0,0
AlanCrosby,188747newsML.txt,0.504360465,181.5238095,136.1428571,0.277616279,0.155523256,0.10755814,0.082848837,0.026162791,0.056686047,0.015988372,0.101744186,0.047965116,0.036337209,0,0,0
AlanCrosby,194349newsML.txt,0.546511628,150.8461538,93.38095238,0.325581395,0.119186047,0.098837209,0.104651163,0.061046512,0.01744186,0.01744186,0.110465116,0.052325581,0.037790698,0,0,0
AlanCrosby,194437newsML.txt,0.547752809,153.8461538,90.90909091,0.31741573,0.115168539,0.101123596,0.101123596,0.06741573,0.016853933,0.016853933,0.106741573,0.050561798,0.036516854,0,0,0
AlanCrosby,194611newsML.txt,0.47382199,186,124,0.265706806,0.142670157,0.082460733,0.104712042,0.02617801,0.037958115,0.018324607,0.117801047,0.044502618,0.037958115,0,0,0
AlanCrosby,194667newsML.txt,0.533880903,179.2,128,0.297741273,0.131416838,0.092402464,0.114989733,0.026694045,0.022587269,0.020533881,0.123203285,0.047227926,0.032854209,0,0,0
AlanCrosby,196144newsML.txt,0.506283662,162.8888889,91.625,0.290843806,0.127468582,0.080789946,0.122082585,0.030520646,0.034111311,0.008976661,0.138240575,0.039497307,0.035906643,0,0,0
AlanCrosby,199535newsML.txt,0.520787746,182.7857143,142.1666667,0.27571116,0.150984683,0.080962801,0.13785558,0.015317287,0.043763676,0.021881838,0.126914661,0.030634573,0.026258206,0,0,0
AlanCrosby,205959newsML.txt,0.507092199,184.5,123,0.271276596,0.117021277,0.104609929,0.115248227,0.033687943,0.042553191,0.007092199,0.115248227,0.058510638,0.035460993,0,0,0
AlanCrosby,206307newsML.txt,0.496428571,183.8125,117.64,0.271428571,0.119642857,0.103571429,0.116071429,0.026785714,0.042857143,0.008928571,0.119642857,0.057142857,0.0375,0,0,0
AlanCrosby,20910newsML.txt,0.554848967,186.6111111,176.7894737,0.311605723,0.144674086,0.055643879,0.109697933,0.015898251,0.041335453,0.022257552,0.13672496,0.036565978,0.028616852,0,0,0
AlanCrosby,212203newsML.txt,0.511857708,162.2352941,153.2222222,0.294466403,0.128458498,0.077075099,0.112648221,0.037549407,0.035573123,0.017786561,0.128458498,0.041501976,0.031620553,0,0,0
AlanCrosby,212274newsML.txt,0.477797513,173.0555556,163.9473684,0.305506217,0.110124334,0.103019538,0.126110124,0.026642984,0.028419183,0.014209591,0.119005329,0.056838366,0.031971581,0,0,0
AlanCrosby,212834newsML.txt,0.543624161,176.7857143,165,0.266219239,0.136465324,0.102908277,0.125279642,0.013422819,0.062639821,0.008948546,0.118568233,0.042505593,0.031319911,0,0,0
AlanCrosby,21296newsML.txt,0.544871795,165.1875,94.39285714,0.303418803,0.11965812,0.081196581,0.087606838,0.072649573,0.036324786,0.02991453,0.123931624,0.042735043,0.034188034,0,0,0
AlanCrosby,213609newsML.txt,0.547325103,177.0666667,139.7894737,0.288065844,0.144032922,0.0781893,0.119341564,0.018518519,0.049382716,0.018518519,0.117283951,0.041152263,0.028806584,0,0,0
AlanCrosby,213833newsML.txt,0.54697286,186,137.0526316,0.286012526,0.144050104,0.077244259,0.121085595,0.016701461,0.050104384,0.020876827,0.121085595,0.039665971,0.029227557,0,0,0
AlanCrosby,213896newsML.txt,0.546583851,187.7142857,138.3157895,0.285714286,0.144927536,0.078674948,0.120082816,0.016563147,0.049689441,0.020703934,0.120082816,0.039337474,0.028985507,0,0,0
AlanCrosby,216602newsML.txt,0.512922465,160.5294118,90.96666667,0.290258449,0.131212724,0.079522863,0.10139165,0.053677932,0.029821074,0.011928429,0.131212724,0.057654076,0.035785288,0,0,0
AlanCrosby,217025newsML.txt,0.506849315,162,88.83870968,0.287671233,0.125244618,0.078277886,0.105675147,0.062622309,0.029354207,0.009784736,0.129158513,0.050880626,0.035225049,0,0,0
AlanCrosby,224640newsML.txt,0.519693654,48.70754717,54.92553191,0.314004376,0.120350109,0.074398249,0.092997812,0.078774617,0.026258206,0.019693654,0.107221007,0.039387309,0.032822757,0,0,0
AlanCrosby,225900newsML.txt,0.530726257,111.4888889,52.81052632,0.309497207,0.119553073,0.077094972,0.093854749,0.080446927,0.029050279,0.020111732,0.105027933,0.037988827,0.033519553,0,0,0
AlexanderSmith,107525newsML.txt,0.501886792,198.2666667,95.93548387,0.324528302,0.141509434,0.071698113,0.101886792,0.024528302,0.037735849,0.020754717,0.088679245,0.035849057,0.039622642,0,0,0
AlexanderSmith,109096newsML.txt,0.484848485,174.4117647,95.64516129,0.340909091,0.143939394,0.070075758,0.102272727,0.022727273,0.034090909,0.024621212,0.087121212,0.035984848,0.039772727,0,0,0
AlexanderSmith,110282newsML.txt,0.5428051,177.7777778,160,0.307832423,0.16575592,0.080145719,0.072859745,0.023679417,0.025500911,0.021857923,0.112932605,0.034608379,0.029143898,0,0,0
AlexanderSmith,134290newsML.txt,0.485064011,171.0869565,87.44444444,0.341394026,0.13371266,0.056899004,0.079658606,0.049786629,0.024182077,0.017069701,0.099573257,0.048364154,0.034139403,0,0,0
AlexanderSmith,134584newsML.txt,0.473913043,194.1428571,100.6666667,0.32826087,0.12826087,0.086956522,0.084782609,0.026086957,0.023913043,0.023913043,0.095652174,0.063043478,0.032608696,0,0,0
AlexanderSmith,134595newsML.txt,0.498141264,192.3125,99.25806452,0.347583643,0.13197026,0.063197026,0.104089219,0.039033457,0.016728625,0.020446097,0.100371747,0.048327138,0.033457249,0,0,0
AlexanderSmith,134983newsML.txt,0.461329715,176.375,111.3947368,0.318860244,0.143826323,0.08412483,0.097693351,0.029850746,0.018995929,0.023066486,0.097693351,0.042062415,0.036635007,0,0,0
AlexanderSmith,135627newsML.txt,0.47702407,193.2857143,108.24,0.328227571,0.129102845,0.087527352,0.083150985,0.026258206,0.024070022,0.024070022,0.094091904,0.06345733,0.032822757,0,0,0
AlexanderSmith,141391newsML.txt,0.466767372,170.3809524,137.6153846,0.259818731,0.170694864,0.078549849,0.089123867,0.03021148,0.028700906,0.034743202,0.098187311,0.031722054,0.036253776,0,0,0
AlexanderSmith,141943newsML.txt,0.466034755,172.75,143.9583333,0.255924171,0.173775671,0.06793049,0.099526066,0.023696682,0.028436019,0.030015798,0.112164297,0.028436019,0.036334913,0,0,0
AlexanderSmith,144367newsML.txt,0.45470852,190.1212121,120.6538462,0.294170404,0.156053812,0.10044843,0.101345291,0.01793722,0.039461883,0.01793722,0.119282511,0.034977578,0.0367713,0,0,0
AlexanderSmith,16167newsML.txt,0.487571702,177.25,81.02857143,0.282982792,0.162523901,0.080305927,0.108986616,0.028680688,0.028680688,0.022944551,0.114722753,0.030592734,0.034416826,0,0,0
AlexanderSmith,162656newsML.txt,0.452892562,165.9,92.16666667,0.292561983,0.155371901,0.066115702,0.107438017,0.033057851,0.026446281,0.016528926,0.099173554,0.047933884,0.044628099,0,0,0
AlexanderSmith,162657newsML.txt,0.459039548,182.6666667,98.35897436,0.266949153,0.161016949,0.06920904,0.104519774,0.028248588,0.038135593,0.016949153,0.11440678,0.042372881,0.043785311,0,0,0
AlexanderSmith,164269newsML.txt,0.473794549,163.875,97.11111111,0.272536688,0.15932914,0.06918239,0.111111111,0.039832285,0.020964361,0.020964361,0.100628931,0.037735849,0.046121593,0,0,0
AlexanderSmith,164287newsML.txt,0.439873418,180.9473684,88.15384615,0.259493671,0.151898734,0.063291139,0.107594937,0.036392405,0.030063291,0.017405063,0.110759494,0.047468354,0.047468354,0,0,0
AlexanderSmith,164558newsML.txt,0.480138169,172.1111111,134.6956522,0.279792746,0.164075993,0.065630397,0.088082902,0.027633851,0.034542314,0.031088083,0.105354059,0.044905009,0.034542314,0,0,0
AlexanderSmith,165875newsML.txt,0.437819421,155.05,114.8518519,0.247018739,0.163543441,0.073253833,0.100511073,0.04088586,0.035775128,0.022146508,0.131175468,0.03407155,0.039182283,0,0,0
AlexanderSmith,172146newsML.txt,0.52173913,172.8,144,0.265886288,0.148829431,0.090301003,0.098662207,0.005016722,0.053511706,0.033444816,0.117056856,0.04180602,0.040133779,0,0,0
AlexanderSmith,179671newsML.txt,0.44984326,176.45,117.6333333,0.271159875,0.159874608,0.079937304,0.103448276,0.028213166,0.034482759,0.034482759,0.105015674,0.034482759,0.036050157,0,0,0
AlexanderSmith,18111newsML.txt,0.487179487,177.25,62.19298246,0.330128205,0.145833333,0.068910256,0.091346154,0.019230769,0.028846154,0.033653846,0.120192308,0.028846154,0.040064103,0,0,0
AlexanderSmith,18227newsML.txt,0.482866044,180,60,0.323987539,0.143302181,0.065420561,0.090342679,0.024922118,0.026479751,0.031152648,0.12305296,0.040498442,0.037383178,0,0,0
AlexanderSmith,184789newsML.txt,0.489871087,163.3333333,91.875,0.285451197,0.145488029,0.069981584,0.097605893,0.044198895,0.031307551,0.025782689,0.128913444,0.038674033,0.038674033,0,0,0
AlexanderSmith,185613newsML.txt,0.464122137,170,93.94736842,0.285496183,0.175572519,0.058015267,0.083969466,0.035114504,0.038167939,0.027480916,0.108396947,0.035114504,0.042748092,0,0,0
AlexanderSmith,188417newsML.txt,0.441896024,202.6111111,125.7586207,0.287461774,0.149847095,0.059633028,0.094801223,0.029051988,0.029051988,0.029051988,0.111620795,0.033639144,0.033639144,0,0,0
AlexanderSmith,21127newsML.txt,0.477848101,221.5625,141.8,0.319620253,0.162974684,0.049050633,0.10443038,0.026898734,0.025316456,0.017405063,0.101265823,0.036392405,0.03164557,0,0,0
AlexanderSmith,219512newsML.txt,0.5,198.6315789,125.8,0.285498489,0.16163142,0.095166163,0.087613293,0.034743202,0.036253776,0.016616314,0.108761329,0.036253776,0.03776435,0,0,0
AlexanderSmith,219521newsML.txt,0.495961228,200.0555556,120.0333333,0.313408724,0.148626817,0.093699515,0.085621971,0.037156704,0.027463651,0.016155089,0.117932149,0.027463651,0.035541195,0,0,0
AlexanderSmith,220666newsML.txt,0.49924357,198.6315789,125.8,0.285930408,0.160363086,0.096822995,0.08774584,0.034795764,0.034795764,0.016641452,0.10892587,0.036308623,0.037821483,0,0,0
AlexanderSmith,223283newsML.txt,0.463554464,188.0588235,110.2413793,0.264537265,0.14987715,0.085995086,0.085176085,0.029484029,0.043407043,0.022932023,0.104013104,0.045864046,0.044226044,0,0,0
AlexanderSmith,223300newsML.txt,0.48,169.75,113.1666667,0.288,0.13,0.084,0.104,0.044,0.028,0.016,0.136,0.04,0.034,0,0,0
AlexanderSmith,223793newsML.txt,0.458801498,180.375,106.8888889,0.286516854,0.144194757,0.06928839,0.117977528,0.028089888,0.031835206,0.011235955,0.132958801,0.04494382,0.035580524,0,0,0
AlexanderSmith,224655newsML.txt,0.429577465,192.3,124.0645161,0.312676056,0.156338028,0.056338028,0.095774648,0.01971831,0.028169014,0.018309859,0.135211268,0.038028169,0.035211268,0,0,0
AlexanderSmith,225590newsML.txt,0.487294469,201.1666667,129.3214286,0.31838565,0.14200299,0.070254111,0.10612855,0.029895366,0.022421525,0.023916293,0.110612855,0.035874439,0.035874439,0,0,0
AlexanderSmith,236412newsML.txt,0.516411379,162.5333333,110.8181818,0.27571116,0.15536105,0.072210066,0.089715536,0.043763676,0.037199125,0.015317287,0.10940919,0.035010941,0.035010941,0,0,0
AlexanderSmith,237953newsML.txt,0.45146379,185.1666667,87.71052632,0.254237288,0.154083205,0.061633282,0.103235747,0.047765794,0.040061633,0.029275809,0.117103236,0.026194145,0.038520801,0,0,0
AlexanderSmith,238090newsML.txt,0.425952045,175.3809524,92.075,0.244005642,0.167842031,0.057827927,0.101551481,0.033850494,0.04090268,0.031029619,0.117066291,0.032440056,0.038081805,0,0,0
AlexanderSmith,23876newsML.txt,0.52,192.9090909,121.2571429,0.263225806,0.158709677,0.08516129,0.098064516,0.015483871,0.055483871,0.014193548,0.112258065,0.04,0.037419355,0,0,0
AlexanderSmith,239202newsML.txt,0.463099631,161.8888889,121.4166667,0.322878229,0.156826568,0.046125461,0.112546125,0.029520295,0.014760148,0.035055351,0.119926199,0.036900369,0.040590406,0,0,0
AlexanderSmith,240608newsML.txt,0.501160093,165.0714286,144.4375,0.299303944,0.167053364,0.062645012,0.083526682,0.018561485,0.027842227,0.023201856,0.127610209,0.034802784,0.032482599,0,0,0
AlexanderSmith,251540newsML.txt,0.54,212.1818182,166.7142857,0.315,0.1225,0.075,0.1225,0.025,0.0275,0.015,0.1125,0.0425,0.03,0,0,0
AlexanderSmith,268005newsML.txt,0.46483705,194.2,128.245283,0.330188679,0.145797599,0.096912521,0.083190395,0.018010292,0.033447684,0.028301887,0.115780446,0.04373928,0.036878216,0,0,0
AlexanderSmith,272743newsML.txt,0.456964006,179.2631579,109.8709677,0.294209703,0.151799687,0.056338028,0.128325509,0.012519562,0.040688576,0.026604069,0.115805947,0.034428795,0.040688576,0,0,0
AlexanderSmith,274612newsML.txt,0.386740331,211.0869565,138.7142857,0.303867403,0.149171271,0.048618785,0.114917127,0.025414365,0.036464088,0.029834254,0.131491713,0.039779006,0.027624309,0,0,0
AlexanderSmith,289578newsML.txt,0.444444444,203.2352941,157.0454545,0.28026534,0.16252073,0.097844113,0.111111111,0.024875622,0.043117745,0.028192371,0.11774461,0.053067993,0.034825871,0,0,0
AlexanderSmith,29098newsML.txt,0.518518519,195.2,150.1538462,0.299259259,0.148148148,0.097777778,0.099259259,0.011851852,0.032592593,0.019259259,0.106666667,0.038518519,0.034074074,0,0,0
AlexanderSmith,300452newsML.txt,0.471030043,203.5769231,132.325,0.313304721,0.136266094,0.092274678,0.095493562,0.027896996,0.040772532,0.02360515,0.122317597,0.043991416,0.034334764,0,0,0
AlexanderSmith,302382newsML.txt,0.458684654,194.1176471,143.4782609,0.325463744,0.129848229,0.059021922,0.082630691,0.035413153,0.030354132,0.020236088,0.121416526,0.037099494,0.033726813,0,0,0
AlexanderSmith,304231newsML.txt,0.508411215,196.5333333,105.2857143,0.254205607,0.14953271,0.078504673,0.097196262,0.052336449,0.035514019,0.031775701,0.127102804,0.044859813,0.028037383,0,0,0
AlexanderSmith,307212newsML.txt,0.553672316,157.125,117.84375,0.271186441,0.142655367,0.097457627,0.111581921,0.031073446,0.032485876,0.028248588,0.11299435,0.04519774,0.036723164,0,0,0
BenjaminKangLim,102444newsML.txt,0.479238754,162.7894737,123.72,0.311418685,0.157439446,0.074394464,0.067474048,0.017301038,0.019031142,0.039792388,0.121107266,0.029411765,0.041522491,0,0,0
BenjaminKangLim,106762newsML.txt,0.437716263,163.1,112.4827586,0.349480969,0.141868512,0.070934256,0.115916955,0.005190311,0.029411765,0.034602076,0.107266436,0.027681661,0.038062284,0,0,0
BenjaminKangLim,110733newsML.txt,0.472913616,155.4347826,72.95918367,0.266471449,0.185944363,0.073206442,0.095168375,0.023426061,0.035139092,0.026354319,0.092240117,0.042459736,0.042459736,0,0,0
BenjaminKangLim,112125newsML.txt,0.480597015,183.4,104.8,0.282089552,0.143283582,0.091044776,0.089552239,0.019402985,0.026865672,0.041791045,0.114925373,0.031343284,0.032835821,0,0,0
BenjaminKangLim,114204newsML.txt,0.448795181,176.6,95.45945946,0.265060241,0.185240964,0.054216867,0.09939759,0.019578313,0.02560241,0.028614458,0.126506024,0.051204819,0.040662651,0,0,0
BenjaminKangLim,115482newsML.txt,0.465277778,160.5789474,98.41935484,0.260416667,0.192708333,0.052083333,0.098958333,0.020833333,0.024305556,0.032986111,0.121527778,0.052083333,0.041666667,0,0,0
BenjaminKangLim,118614newsML.txt,0.451410658,152.2727273,90.54054054,0.277429467,0.177115987,0.070532915,0.095611285,0.018808777,0.036050157,0.028213166,0.10815047,0.051724138,0.042319749,0,0,0
BenjaminKangLim,118687newsML.txt,0.481741573,152.08,92.73170732,0.292134831,0.174157303,0.063202247,0.075842697,0.042134831,0.028089888,0.016853933,0.116573034,0.040730337,0.04494382,0,0,0
BenjaminKangLim,12228newsML.txt,0.527906977,135.1666667,83.89655172,0.341860465,0.146511628,0.06744186,0.097674419,0.002325581,0.023255814,0.030232558,0.093023256,0.046511628,0.044186047,0,0,0
BenjaminKangLim,129162newsML.txt,0.448757764,163.7619048,76.42222222,0.324534161,0.145962733,0.072981366,0.093167702,0.017080745,0.034161491,0.026397516,0.093167702,0.051242236,0.040372671,0,0,0
BenjaminKangLim,133520newsML.txt,0.522123894,166.6666667,136.3636364,0.307964602,0.132743363,0.095575221,0.09380531,0.026548673,0.015929204,0.037168142,0.113274336,0.046017699,0.031858407,0,0,0
BenjaminKangLim,135232newsML.txt,0.500881834,154.4761905,135.1666667,0.310405644,0.148148148,0.081128748,0.111111111,0.012345679,0.029982363,0.0335097,0.116402116,0.037037037,0.040564374,0,0,0
BenjaminKangLim,14439newsML.txt,0.487972509,167.15,59.69642857,0.379725086,0.135738832,0.065292096,0.08419244,0.020618557,0.024054983,0.051546392,0.108247423,0.034364261,0.036082474,0,0,0
BenjaminKangLim,145148newsML.txt,0.492217899,161.3888889,88.03030303,0.315175097,0.149805447,0.064202335,0.105058366,0.015564202,0.019455253,0.040856031,0.108949416,0.038910506,0.036964981,0,0,0
BenjaminKangLim,145736newsML.txt,0.508050089,178.1176471,97.67741935,0.291592129,0.162790698,0.094812165,0.08765653,0.019677996,0.025044723,0.032200358,0.118067979,0.041144902,0.033989267,0,0,0
BenjaminKangLim,146225newsML.txt,0.47008547,176,109.2413793,0.323076923,0.141880342,0.051282051,0.090598291,0.032478632,0.034188034,0.023931624,0.109401709,0.05982906,0.037606838,0,0,0
BenjaminKangLim,150365newsML.txt,0.45,154.1,118.5384615,0.332142857,0.169642857,0.05,0.091071429,0.021428571,0.033928571,0.017857143,0.1125,0.044642857,0.039285714,0,0,0
BenjaminKangLim,151860newsML.txt,0.507389163,166.4,107.3548387,0.297208539,0.164203612,0.078817734,0.08045977,0.02134647,0.039408867,0.027914614,0.116584565,0.039408867,0.037766831,0,0,0
BenjaminKangLim,155059newsML.txt,0.494983278,149.7727273,91.52777778,0.279264214,0.16722408,0.066889632,0.091973244,0.018394649,0.036789298,0.026755853,0.128762542,0.035117057,0.043478261,0,0,0
BenjaminKangLim,155439newsML.txt,0.492038217,146.4782609,91.05405405,0.272292994,0.165605096,0.065286624,0.092356688,0.017515924,0.042993631,0.030254777,0.121019108,0.044585987,0.038216561,0,0,0
BenjaminKangLim,15741newsML.txt,0.492957746,170.4210526,119.9259259,0.323943662,0.146126761,0.093309859,0.088028169,0.017605634,0.017605634,0.029929577,0.133802817,0.031690141,0.035211268,0,0,0
BenjaminKangLim,166435newsML.txt,0.494860499,179.3809524,87.60465116,0.309838473,0.164464023,0.080763583,0.10866373,0.01174743,0.019089574,0.02349486,0.114537445,0.020558003,0.03671072,0,0,0
BenjaminKangLim,174581newsML.txt,0.489220564,159.15,81.61538462,0.275290216,0.154228856,0.07960199,0.067993367,0.018242123,0.034825871,0.034825871,0.124378109,0.036484245,0.043117745,0,0,0
BenjaminKangLim,177874newsML.txt,0.495065789,155.1363636,126.4074074,0.338815789,0.128289474,0.0625,0.110197368,0.036184211,0.013157895,0.024671053,0.113486842,0.049342105,0.041118421,0,0,0
BenjaminKangLim,178518newsML.txt,0.494117647,161.0952381,125.2962963,0.322689076,0.151260504,0.062184874,0.144537815,0.008403361,0.023529412,0.016806723,0.132773109,0.03697479,0.038655462,0,0,0
BenjaminKangLim,182490newsML.txt,0.515037594,148.9473684,97.5862069,0.261278195,0.152255639,0.078947368,0.078947368,0.035714286,0.026315789,0.035714286,0.112781955,0.031954887,0.041353383,0,0,0
BenjaminKangLim,18363newsML.txt,0.46728972,178.2941176,112.2592593,0.319626168,0.145794393,0.106542056,0.095327103,0.020560748,0.014953271,0.024299065,0.125233645,0.031775701,0.037383178,0,0,0
BenjaminKangLim,186173newsML.txt,0.447761194,159.9375,62.41463415,0.309168443,0.125799574,0.053304904,0.104477612,0.074626866,0.025586354,0.040511727,0.106609808,0.044776119,0.044776119,0,0,0
BenjaminKangLim,186199newsML.txt,0.498985801,144.4736842,124.7727273,0.310344828,0.144016227,0.07505071,0.095334686,0.020283976,0.026369168,0.024340771,0.121703854,0.040567951,0.040567951,0,0,0
BenjaminKangLim,187423newsML.txt,0.409756098,153.1818182,67.4,0.307317073,0.112195122,0.068292683,0.102439024,0.074796748,0.021138211,0.035772358,0.100813008,0.055284553,0.045528455,0,0,0
BenjaminKangLim,188955newsML.txt,0.486710963,163.3,105.3548387,0.320598007,0.15282392,0.056478405,0.084717608,0.03820598,0.031561462,0.013289037,0.104651163,0.051495017,0.044850498,0,0,0
BenjaminKangLim,188988newsML.txt,0.485294118,163.3684211,86.22222222,0.310661765,0.167279412,0.071691176,0.086397059,0.016544118,0.025735294,0.029411765,0.121323529,0.033088235,0.036764706,0,0,0
BenjaminKangLim,189031newsML.txt,0.476744186,149.7727273,94.14285714,0.3089701,0.162790698,0.091362126,0.07807309,0.013289037,0.026578073,0.023255814,0.117940199,0.028239203,0.043189369,0,0,0
BenjaminKangLim,190439newsML.txt,0.462406015,152.4736842,125.9565217,0.327067669,0.148496241,0.063909774,0.080827068,0.043233083,0.031954887,0.018796992,0.107142857,0.054511278,0.035714286,0,0,0
BenjaminKangLim,192394newsML.txt,0.508078995,145.4285714,89.82352941,0.303411131,0.157989228,0.098743268,0.091561939,0.010771993,0.021543986,0.019748654,0.111310592,0.032315978,0.048473968,0,0,0
BenjaminKangLim,195350newsML.txt,0.502770083,166.375,66.55,0.331024931,0.145429363,0.081717452,0.101108033,0.020775623,0.030470914,0.023545706,0.113573407,0.034626039,0.038781163,0,0,0
BenjaminKangLim,198232newsML.txt,0.505175983,156.0588235,120.5909091,0.320910973,0.149068323,0.078674948,0.089026915,0.022774327,0.016563147,0.020703934,0.138716356,0.043478261,0.037267081,0,0,0
BenjaminKangLim,201374newsML.txt,0.44112478,163.8947368,72.41860465,0.312829525,0.131810193,0.087873462,0.114235501,0.026362039,0.0228471,0.033391916,0.114235501,0.043936731,0.035149385,0,0,0
BenjaminKangLim,204845newsML.txt,0.455906822,152,99.75,0.256239601,0.146422629,0.084858569,0.069883527,0.064891847,0.038269551,0.03327787,0.1281198,0.053244592,0.034941764,0,0,0
BenjaminKangLim,211064newsML.txt,0.492610837,164.15,93.8,0.295566502,0.15270936,0.073891626,0.070607553,0.031198686,0.02955665,0.026272578,0.118226601,0.052545156,0.041050903,0,0,0
BenjaminKangLim,214183newsML.txt,0.522177419,143.4736842,123.9090909,0.274193548,0.141129032,0.084677419,0.114919355,0.046370968,0.026209677,0.010080645,0.139112903,0.044354839,0.04233871,0,0,0
BenjaminKangLim,21575newsML.txt,0.467908903,164.9411765,121.9130435,0.308488613,0.15942029,0.107660455,0.080745342,0.014492754,0.016563147,0.031055901,0.122153209,0.037267081,0.041407867,0,0,0
BenjaminKangLim,221670newsML.txt,0.491701245,159.9411765,151.0555556,0.340248963,0.145228216,0.082987552,0.124481328,0.014522822,0.008298755,0.01659751,0.12033195,0.033195021,0.03526971,0,0,0
BenjaminKangLim,222816newsML.txt,0.478647687,146.7272727,97.81818182,0.336298932,0.138790036,0.080071174,0.074733096,0.023131673,0.024911032,0.024911032,0.120996441,0.03202847,0.040925267,0,0,0
BenjaminKangLim,231106newsML.txt,0.502717391,154.2307692,125.3125,0.33423913,0.141304348,0.067934783,0.10326087,0.029891304,0.016304348,0.032608696,0.097826087,0.051630435,0.04076087,0,0,0
BenjaminKangLim,232863newsML.txt,0.506756757,152.0909091,90.43243243,0.324324324,0.143581081,0.057432432,0.094594595,0.025337838,0.030405405,0.027027027,0.130067568,0.035472973,0.043918919,0,0,0
BenjaminKangLim,235646newsML.txt,0.454054054,153.8095238,115.3571429,0.27027027,0.147747748,0.113513514,0.079279279,0.027027027,0.030630631,0.037837838,0.100900901,0.055855856,0.037837838,0,0,0
BenjaminKangLim,241295newsML.txt,0.518737673,148.2631579,134.1428571,0.315581854,0.145956607,0.065088757,0.122287968,0.00591716,0.033530572,0.027613412,0.116370809,0.047337278,0.039447732,0,0,0
BenjaminKangLim,241719newsML.txt,0.4778157,151.1363636,107.2580645,0.324232082,0.16552901,0.075085324,0.098976109,0.017064846,0.0221843,0.029010239,0.110921502,0.046075085,0.040955631,0,0,0
BenjaminKangLim,24300newsML.txt,0.451197053,175.8823529,130,0.318600368,0.152854512,0.081031308,0.082872928,0.014732965,0.014732965,0.036832413,0.119705341,0.051565378,0.040515654,0,0,0
BernardHickey,103816newsML.txt,0.481989708,145.1904762,112.9259259,0.253859348,0.14922813,0.065180103,0.087478559,0.04974271,0.04974271,0.034305317,0.118353345,0.030874786,0.039451115,0,0,0
BernardHickey,110697newsML.txt,0.451219512,173.5909091,81.25531915,0.302168022,0.16802168,0.058265583,0.058265583,0.028455285,0.043360434,0.029810298,0.077235772,0.040650407,0.04200542,0,0,0
BernardHickey,111971newsML.txt,0.455657492,142.0416667,117.5517241,0.301223242,0.157492355,0.074923547,0.05351682,0.03058104,0.047400612,0.029051988,0.081039755,0.033639144,0.039755352,0,0,0
BernardHickey,111981newsML.txt,0.441091954,135.8148148,107.8529412,0.297413793,0.162356322,0.063218391,0.066091954,0.034482759,0.037356322,0.025862069,0.091954023,0.033045977,0.045977011,0,0,0
BernardHickey,117740newsML.txt,0.537960954,163.1333333,87.39285714,0.25813449,0.140997831,0.080260304,0.082429501,0.04989154,0.054229935,0.019522777,0.10845987,0.039045553,0.039045553,0,0,0
BernardHickey,118434newsML.txt,0.526209677,149.8888889,107.92,0.254032258,0.14516129,0.090725806,0.090725806,0.038306452,0.054435484,0.018145161,0.106854839,0.038306452,0.038306452,0,0,0
BernardHickey,118448newsML.txt,0.468333333,167.6315789,106.1666667,0.27,0.156666667,0.071666667,0.081666667,0.03,0.053333333,0.025,0.101666667,0.038333333,0.035,0,0,0
BernardHickey,118470newsML.txt,0.519911504,141,99.875,0.272123894,0.137168142,0.07300885,0.055309735,0.042035398,0.061946903,0.022123894,0.112831858,0.055309735,0.03539823,0,0,0
BernardHickey,118472newsML.txt,0.513100437,140.6470588,95.64,0.26419214,0.135371179,0.074235808,0.054585153,0.045851528,0.061135371,0.021834061,0.113537118,0.054585153,0.034934498,0,0,0
BernardHickey,118901newsML.txt,0.504244482,154.6190476,115.9642857,0.281833616,0.13582343,0.084889643,0.086587436,0.037351443,0.052631579,0.018675722,0.103565365,0.040747029,0.037351443,0,0,0
BernardHickey,148778newsML.txt,0.501879699,151.3157895,119.7916667,0.315789474,0.15037594,0.05075188,0.109022556,0.02443609,0.037593985,0.013157895,0.116541353,0.031954887,0.035714286,0,0,0
BernardHickey,148786newsML.txt,0.547263682,119,107.1,0.303482587,0.169154229,0.064676617,0.094527363,0.024875622,0.039800995,0.034825871,0.089552239,0.034825871,0.039800995,0,0,0
BernardHickey,151764newsML.txt,0.489220564,142.5454545,120.6153846,0.253731343,0.154228856,0.081260365,0.067993367,0.04145937,0.053067993,0.033167496,0.11774461,0.036484245,0.033167496,0,0,0
BernardHickey,154997newsML.txt,0.490161002,170.5,127.875,0.302325581,0.118067979,0.091234347,0.076923077,0.044722719,0.037567084,0.025044723,0.123434705,0.037567084,0.033989267,0,0,0
BernardHickey,155005newsML.txt,0.481651376,133.7222222,96.28,0.330275229,0.139908257,0.03440367,0.087155963,0.03440367,0.032110092,0.01146789,0.114678899,0.038990826,0.036697248,0,0,0
BernardHickey,164986newsML.txt,0.438906752,157.7142857,122.6666667,0.307073955,0.144694534,0.081993569,0.083601286,0.033762058,0.030546624,0.022508039,0.11414791,0.038585209,0.038585209,0,0,0
BernardHickey,165020newsML.txt,0.44991511,146.2727273,89.38888889,0.229202037,0.164685908,0.096774194,0.100169779,0.042444822,0.042444822,0.0237691,0.105263158,0.032258065,0.037351443,0,0,0
BernardHickey,165334newsML.txt,0.436708861,161.0952381,125.2962963,0.299050633,0.142405063,0.082278481,0.087025316,0.03164557,0.034810127,0.022151899,0.118670886,0.033227848,0.037974684,0,0,0
BernardHickey,174426newsML.txt,0.517241379,176.1111111,99.0625,0.310344828,0.127586207,0.051724138,0.1,0.055172414,0.04137931,0.017241379,0.137931034,0.020689655,0.031034483,0,0,0
BernardHickey,176080newsML.txt,0.480408859,127.4583333,92.6969697,0.255536627,0.139693356,0.076660988,0.074957411,0.05451448,0.042589438,0.018739353,0.115843271,0.03407155,0.039182283,0,0,0
BernardHickey,181034newsML.txt,0.654054054,123.5,98.8,0.275675676,0.135135135,0.059459459,0.097297297,0.086486486,0.037837838,0.027027027,0.124324324,0.021621622,0.037837838,0,0,0
BernardHickey,18328newsML.txt,0.480408859,147.2857143,65.80851064,0.298126065,0.132879046,0.081771721,0.086882453,0.05451448,0.044293015,0.02044293,0.095400341,0.03407155,0.04088586,0,0,0
BernardHickey,184099newsML.txt,0.470890411,143.9047619,104.2068966,0.294520548,0.125,0.08390411,0.089041096,0.058219178,0.039383562,0.029109589,0.113013699,0.037671233,0.035958904,0,0,0
BernardHickey,184111newsML.txt,0.451094891,146.16,114.1875,0.271532847,0.127007299,0.068613139,0.081751825,0.074452555,0.046715328,0.035036496,0.115328467,0.046715328,0.035036496,0,0,0
BernardHickey,198061newsML.txt,0.484745763,153.25,113.5185185,0.255932203,0.16779661,0.083050847,0.096610169,0.022033898,0.047457627,0.040677966,0.122033898,0.033898305,0.03220339,0,0,0
BernardHickey,201116newsML.txt,0.649425287,188.8,134.8571429,0.293103448,0.183908046,0.074712644,0.063218391,0.005747126,0.017241379,0.011494253,0.114942529,0.057471264,0.034482759,0,0,0
BernardHickey,218591newsML.txt,0.531827515,139.9473684,106.36,0.330595483,0.110882957,0.071868583,0.078028747,0.055441478,0.024640657,0.014373717,0.123203285,0.034907598,0.036960986,0,0,0
BernardHickey,223842newsML.txt,0.469458988,178.5789474,178.5789474,0.286212914,0.162303665,0.095986038,0.102966841,0.013961606,0.020942408,0.027923211,0.104712042,0.02443281,0.029668412,0,0,0
BernardHickey,223856newsML.txt,0.463955638,164.5,182.7777778,0.310536044,0.157116451,0.107208872,0.114602588,0.007393715,0.03142329,0.020332717,0.090573013,0.025878004,0.035120148,0,0,0
BernardHickey,223857newsML.txt,0.474169742,156.047619,172.4736842,0.311808118,0.156826568,0.097785978,0.112546125,0.012915129,0.031365314,0.020295203,0.086715867,0.029520295,0.035055351,0,0,0
BernardHickey,242252newsML.txt,0.482352941,142.3333333,135.8636364,0.3,0.170588235,0.08627451,0.092156863,0.015686275,0.045098039,0.021568627,0.111764706,0.039215686,0.041176471,0,0,0
BernardHickey,250680newsML.txt,0.404915912,133.1666667,105.1315789,0.306597671,0.130659767,0.055627426,0.089262613,0.04915912,0.051746442,0.029754204,0.10996119,0.037516171,0.038809832,0,0,0
BernardHickey,25315newsML.txt,0.51875,140.6315789,72.21621622,0.289583333,0.116666667,0.085416667,0.066666667,0.05,0.04375,0.020833333,0.10625,0.05,0.039583333,0,0,0
BernardHickey,25320newsML.txt,0.53164557,140.7894737,81.06060606,0.29535865,0.116033755,0.088607595,0.067510549,0.048523207,0.042194093,0.021097046,0.105485232,0.050632911,0.037974684,0,0,0
BernardHickey,25344newsML.txt,0.51047619,117.24,73.275,0.300952381,0.131428571,0.068571429,0.083809524,0.053333333,0.036190476,0.019047619,0.123809524,0.04,0.045714286,0,0,0
BernardHickey,294933newsML.txt,0.486373166,143.0588235,121.6,0.324947589,0.134171908,0.037735849,0.098532495,0.035639413,0.020964361,0.027253669,0.125786164,0.046121593,0.037735849,0,0,0
BernardHickey,294952newsML.txt,0.47133758,157.1875,167.6666667,0.282377919,0.165605096,0.053078556,0.133757962,0.021231423,0.038216561,0.040339703,0.108280255,0.031847134,0.029723992,0,0,0
BernardHickey,30677newsML.txt,0.530164534,134.2727273,92.3125,0.268738574,0.151736746,0.060329068,0.063985375,0.056672761,0.058500914,0.021937843,0.111517367,0.036563071,0.040219378,0,0,0
BernardHickey,31892newsML.txt,0.501901141,135.0952381,78.80555556,0.269961977,0.144486692,0.074144487,0.058935361,0.060836502,0.02851711,0.024714829,0.100760456,0.041825095,0.038022814,0,0,0
BernardHickey,322990newsML.txt,0.475862069,151.9545455,139.2916667,0.298275862,0.156896552,0.084482759,0.09137931,0.043103448,0.027586207,0.017241379,0.082758621,0.04137931,0.036206897,0,0,0
BernardHickey,322996newsML.txt,0.469352014,141.5217391,120.5555556,0.362521891,0.133099825,0.052539405,0.094570928,0.036777583,0.026269702,0.015761821,0.105078809,0.031523643,0.038528897,0,0,0
BernardHickey,323527newsML.txt,0.469072165,151.4090909,133.24,0.295532646,0.156357388,0.08419244,0.091065292,0.042955326,0.027491409,0.017182131,0.082474227,0.041237113,0.036082474,0,0,0
BernardHickey,33299newsML.txt,0.497164461,140.6,78.11111111,0.262759924,0.141776938,0.075614367,0.060491493,0.060491493,0.028355388,0.024574669,0.102079395,0.047258979,0.035916824,0,0,0
BernardHickey,33301newsML.txt,0.529850746,134.0625,107.25,0.26119403,0.114427861,0.084577114,0.074626866,0.092039801,0.044776119,0.014925373,0.129353234,0.037313433,0.034825871,0,0,0
BernardHickey,33315newsML.txt,0.51025641,113.1111111,96.95238095,0.264102564,0.184615385,0.071794872,0.046153846,0.020512821,0.048717949,0.033333333,0.082051282,0.038461538,0.041025641,0,0,0
BernardHickey,354020newsML.txt,0.479069767,130.9444444,112.2380952,0.276744186,0.146511628,0.079069767,0.093023256,0.076744186,0.030232558,0.034883721,0.1,0.01627907,0.039534884,0,0,0
BernardHickey,355589newsML.txt,0.487603306,136.5263158,103.76,0.274793388,0.142561983,0.078512397,0.090909091,0.076446281,0.033057851,0.030991736,0.105371901,0.01446281,0.037190083,0,0,0
BernardHickey,361792newsML.txt,0.455252918,161.1764706,94.48275862,0.303501946,0.112840467,0.077821012,0.091439689,0.064202335,0.029182879,0.019455253,0.122568093,0.031128405,0.036964981,0,0,0
BernardHickey,361793newsML.txt,0.437781109,156.826087,103.0571429,0.304347826,0.109445277,0.086956522,0.091454273,0.058470765,0.034482759,0.017991004,0.12143928,0.034482759,0.037481259,0,0,0
BernardHickey,361820newsML.txt,0.442879499,149.3043478,88.05128205,0.309859155,0.131455399,0.070422535,0.095461659,0.046948357,0.03599374,0.018779343,0.112676056,0.037558685,0.039123631,0,0,0
BradDorfman,102760newsML.txt,0.531313131,98.10714286,62.43181818,0.341414141,0.125252525,0.064646465,0.056565657,0.070707071,0.046464646,0.02020202,0.082828283,0.054545455,0.032323232,0,0,0
BradDorfman,117102newsML.txt,0.456086287,184.5789474,77.93333333,0.285053929,0.134052388,0.07550077,0.081664099,0.061633282,0.044684129,0.026194145,0.104776579,0.063174114,0.038520801,0,0,0
BradDorfman,142661newsML.txt,0.463535229,200.1428571,105.075,0.288009889,0.154511743,0.049443758,0.107540173,0.017305315,0.0407911,0.024721879,0.100123609,0.056860321,0.039555006,0,0,0
BradDorfman,144035newsML.txt,0.473103448,197.8421053,101.5945946,0.289655172,0.15862069,0.049655172,0.110344828,0.016551724,0.04137931,0.027586207,0.096551724,0.055172414,0.04,0,0,0
BradDorfman,146644newsML.txt,0.4933687,164.9166667,86.04347826,0.291777188,0.167108753,0.063660477,0.061007958,0.029177719,0.042440318,0.018567639,0.116710875,0.061007958,0.039787798,0,0,0
BradDorfman,146870newsML.txt,0.496350365,155.0526316,81.83333333,0.313868613,0.156934307,0.060218978,0.074817518,0.02919708,0.049270073,0.018248175,0.104014599,0.052919708,0.04379562,0,0,0
BradDorfman,156808newsML.txt,0.435307018,168.4482759,81.41666667,0.338815789,0.145833333,0.061403509,0.084429825,0.012061404,0.041666667,0.019736842,0.083333333,0.0625,0.05372807,0,0,0
BradDorfman,15944newsML.txt,0.518518519,176.5714286,91.55555556,0.328703704,0.141203704,0.053240741,0.131944444,0.016203704,0.030092593,0.027777778,0.127314815,0.037037037,0.037037037,0,0,0
BradDorfman,160089newsML.txt,0.531914894,148.7,106.2142857,0.343971631,0.156028369,0.035460993,0.120567376,0.021276596,0.024822695,0.031914894,0.095744681,0.04964539,0.042553191,0,0,0
BradDorfman,16033newsML.txt,0.467741935,174.2666667,113.6521739,0.278225806,0.163306452,0.046370968,0.08266129,0.026209677,0.034274194,0.040322581,0.108870968,0.048387097,0.036290323,0,0,0
BradDorfman,179121newsML.txt,0.472803347,146.7647059,113.4090909,0.257322176,0.171548117,0.077405858,0.069037657,0.039748954,0.035564854,0.025104603,0.081589958,0.071129707,0.039748954,0,0,0
BradDorfman,196808newsML.txt,0.451038576,176.6666667,88.33333333,0.318991098,0.137982196,0.066765579,0.100890208,0.03115727,0.026706231,0.040059347,0.083086053,0.048961424,0.038575668,0,0,0
BradDorfman,199931newsML.txt,0.466777409,172.8421053,86.42105263,0.330564784,0.109634551,0.079734219,0.074750831,0.068106312,0.021594684,0.016611296,0.083056478,0.066445183,0.041528239,0,0,0
BradDorfman,200749newsML.txt,0.454545455,186.952381,85.34782609,0.321022727,0.136363636,0.065340909,0.090909091,0.028409091,0.036931818,0.032670455,0.083806818,0.045454545,0.039772727,0,0,0
BradDorfman,206764newsML.txt,0.481666667,170.3684211,89.91666667,0.32,0.14,0.065,0.093333333,0.043333333,0.038333333,0.021666667,0.1,0.045,0.038333333,0,0,0
BradDorfman,206841newsML.txt,0.480314961,169.375,90.33333333,0.312992126,0.145669291,0.05511811,0.088582677,0.045275591,0.051181102,0.017716535,0.104330709,0.045275591,0.037401575,0,0,0
BradDorfman,209880newsML.txt,0.483568075,149.9565217,88.43589744,0.355242567,0.153364632,0.053208138,0.089201878,0.029733959,0.025039124,0.017214397,0.082942097,0.053208138,0.042253521,0,0,0
BradDorfman,225133newsML.txt,0.462299135,168.68,76.67272727,0.339925834,0.123609394,0.055624227,0.086526576,0.030902349,0.032138443,0.016069221,0.118665019,0.060568603,0.048207664,0,0,0
BradDorfman,226801newsML.txt,0.48015873,190.8571429,102.7692308,0.317460317,0.157407407,0.072751323,0.085978836,0.011904762,0.035714286,0.027777778,0.100529101,0.076719577,0.035714286,0,0,0
BradDorfman,231427newsML.txt,0.446002805,175.4545455,89.76744186,0.340813464,0.12342216,0.072931276,0.071528752,0.03085554,0.032258065,0.037868163,0.115007013,0.051893408,0.039270687,0,0,0
BradDorfman,231868newsML.txt,0.43989071,180.3636364,92.27906977,0.342896175,0.12431694,0.073770492,0.072404372,0.028688525,0.031420765,0.035519126,0.116120219,0.054644809,0.038251366,0,0,0
BradDorfman,234712newsML.txt,0.534090909,165.4166667,90.22727273,0.3125,0.164772727,0.051136364,0.073863636,0.034090909,0.019886364,0.045454545,0.099431818,0.048295455,0.039772727,0,0,0
BradDorfman,240124newsML.txt,0.51171875,144.8947368,114.7083333,0.265625,0.173828125,0.078125,0.08203125,0.017578125,0.046875,0.021484375,0.1171875,0.0390625,0.04296875,0,0,0
BradDorfman,240151newsML.txt,0.482993197,156.2,120.1538462,0.277210884,0.170068027,0.06292517,0.091836735,0.032312925,0.039115646,0.027210884,0.093537415,0.037414966,0.039115646,0,0,0
BradDorfman,24388newsML.txt,0.480237154,180.7333333,64.54761905,0.33201581,0.146245059,0.057312253,0.077075099,0.027667984,0.035573123,0.009881423,0.108695652,0.061264822,0.041501976,0,0,0
BradDorfman,255717newsML.txt,0.480725624,174.5,87.25,0.283446712,0.133786848,0.081632653,0.106575964,0.040816327,0.031746032,0.020408163,0.111111111,0.045351474,0.034013605,0,0,0
BradDorfman,272513newsML.txt,0.48583878,144.2941176,98.12,0.283224401,0.139433551,0.052287582,0.093681917,0.052287582,0.045751634,0.015250545,0.102396514,0.078431373,0.041394336,0,0,0
BradDorfman,273212newsML.txt,0.442196532,161.9565217,82.77777778,0.283236994,0.143063584,0.052023121,0.076589595,0.056358382,0.041907514,0.024566474,0.099710983,0.053468208,0.040462428,0,0,0
BradDorfman,274879newsML.txt,0.485540335,164.6666667,76.84444444,0.322678843,0.133942161,0.085235921,0.056316591,0.01978691,0.04261796,0.01826484,0.111111111,0.079147641,0.04414003,0,0,0
BradDorfman,276360newsML.txt,0.468322981,162.2307692,102.8780488,0.322981366,0.157763975,0.065838509,0.074534161,0.017391304,0.032298137,0.016149068,0.10931677,0.060869565,0.042236025,0,0,0
BradDorfman,28462newsML.txt,0.49122807,147.8823529,78.5625,0.315789474,0.109649123,0.048245614,0.074561404,0.059210526,0.028508772,0.019736842,0.131578947,0.061403509,0.041666667,0,0,0
BradDorfman,285403newsML.txt,0.543209877,160.6428571,97.7826087,0.313580247,0.165432099,0.061728395,0.083950617,0.02962963,0.044444444,0.012345679,0.091358025,0.054320988,0.044444444,0,0,0
BradDorfman,28928newsML.txt,0.553370787,126.2,99.63157895,0.29494382,0.157303371,0.073033708,0.070224719,0.030898876,0.056179775,0.019662921,0.101123596,0.053370787,0.042134831,0,0,0
BradDorfman,291066newsML.txt,0.494926719,161.2,102.893617,0.319052988,0.137542277,0.089064262,0.08680947,0.019165727,0.038331454,0.022547914,0.095828636,0.054114994,0.045095829,0,0,0
BradDorfman,291619newsML.txt,0.479704797,145.8,83.31428571,0.276752768,0.129151292,0.068265683,0.099630996,0.064575646,0.040590406,0.02398524,0.125461255,0.046125461,0.042435424,0,0,0
BradDorfman,293661newsML.txt,0.493485342,170.25,113.5,0.315960912,0.135179153,0.078175896,0.118892508,0.03257329,0.026058632,0.017915309,0.110749186,0.04723127,0.039087948,0,0,0
BradDorfman,296368newsML.txt,0.670391061,166.1666667,76.69230769,0.374301676,0.100558659,0.078212291,0.055865922,0.072625698,0.039106145,0.011173184,0.122905028,0.061452514,0.044692737,0,0,0
BradDorfman,309066newsML.txt,0.444444444,136.3888889,87.67857143,0.297008547,0.117521368,0.064102564,0.102564103,0.072649573,0.038461538,0.032051282,0.106837607,0.049145299,0.036324786,0,0,0
BradDorfman,314102newsML.txt,0.490367776,188.4705882,86.59459459,0.348511384,0.11033275,0.061295972,0.091068301,0.054290718,0.033274956,0.017513135,0.105078809,0.056042032,0.036777583,0,0,0
BradDorfman,321585newsML.txt,0.492561983,156.047619,66.87755102,0.284297521,0.133884298,0.05785124,0.062809917,0.072727273,0.031404959,0.026446281,0.110743802,0.05785124,0.046280992,0,0,0
BradDorfman,321667newsML.txt,0.502272727,135.8235294,82.46428571,0.236363636,0.168181818,0.061363636,0.079545455,0.065909091,0.034090909,0.025,0.115909091,0.036363636,0.040909091,0,0,0
BradDorfman,321736newsML.txt,0.505376344,128.6842105,71.91176471,0.290322581,0.135483871,0.051612903,0.077419355,0.049462366,0.040860215,0.010752688,0.135483871,0.060215054,0.04516129,0,0,0
BradDorfman,32215newsML.txt,0.50887574,141.6923077,92.1,0.346153846,0.147928994,0.062130178,0.073964497,0.017751479,0.023668639,0.017751479,0.094674556,0.059171598,0.044378698,0,0,0
BradDorfman,331819newsML.txt,0.439814815,160.8095238,59.24561404,0.282407407,0.109567901,0.054012346,0.081790123,0.101851852,0.024691358,0.021604938,0.111111111,0.061728395,0.040123457,0,0,0
BradDorfman,33758newsML.txt,0.496746204,159.875,73.08571429,0.295010846,0.140997831,0.05856833,0.067245119,0.052060738,0.026030369,0.030368764,0.106290672,0.054229935,0.043383948,0,0,0
BradDorfman,340946newsML.txt,0.49321267,135.1666667,67.58333333,0.271493213,0.156108597,0.047511312,0.061085973,0.07918552,0.015837104,0.020361991,0.115384615,0.045248869,0.045248869,0,0,0
BradDorfman,343945newsML.txt,0.441368078,160.1818182,83.9047619,0.320846906,0.175895765,0.050488599,0.087947883,0.034201954,0.034201954,0.016286645,0.104234528,0.026058632,0.040716612,0,0,0
BradDorfman,344162newsML.txt,0.499133449,158.05,90.31428571,0.272097054,0.183708839,0.067590988,0.071057192,0.032928943,0.045060659,0.022530329,0.124783362,0.03812825,0.043327556,0,0,0
BradDorfman,344834newsML.txt,0.49321267,135.1666667,67.58333333,0.271493213,0.156108597,0.047511312,0.061085973,0.07918552,0.015837104,0.020361991,0.115384615,0.045248869,0.045248869,0,0,0
BradDorfman,346831newsML.txt,0.500863558,174.0555556,130.5416667,0.298791019,0.141623489,0.050086356,0.101899827,0.032815199,0.03626943,0.025906736,0.100172712,0.056994819,0.032815199,0,0,0
DarrenSchuettler,104405newsML.txt,0.549356223,158.1333333,76.51612903,0.266094421,0.17167382,0.075107296,0.115879828,0.017167382,0.036480687,0.017167382,0.090128755,0.025751073,0.060085837,0,0,0
DarrenSchuettler,10663newsML.txt,0.44200627,140.9583333,84.575,0.302507837,0.119122257,0.089341693,0.0830721,0.042319749,0.032915361,0.028213166,0.126959248,0.048589342,0.040752351,0,0,0
DarrenSchuettler,111941newsML.txt,0.442326025,155.1351351,97.28813559,0.340324118,0.134413727,0.093422307,0.066730219,0.027645377,0.021925643,0.03336511,0.098188751,0.052430887,0.04099142,0,0,0
DarrenSchuettler,12897newsML.txt,0.420373027,156.4347826,85.66666667,0.301291248,0.111908178,0.094691535,0.077474892,0.057388809,0.030129125,0.025824964,0.113342898,0.045911047,0.037302726,0,0,0
DarrenSchuettler,128985newsML.txt,0.485627837,176,98.35294118,0.258698941,0.169440242,0.075642965,0.08774584,0.009077156,0.046898638,0.024205749,0.099848714,0.040847201,0.045385779,0,0,0
DarrenSchuettler,129448newsML.txt,0.478846154,158.3529412,79.17647059,0.338461538,0.151923077,0.061538462,0.076923077,0.019230769,0.028846154,0.032692308,0.088461538,0.046153846,0.042307692,0,0,0
DarrenSchuettler,130075newsML.txt,0.478846154,158.3529412,79.17647059,0.338461538,0.151923077,0.061538462,0.076923077,0.019230769,0.028846154,0.032692308,0.088461538,0.046153846,0.042307692,0,0,0
DarrenSchuettler,139755newsML.txt,0.527819549,168.7727273,109.2058824,0.335338346,0.139849624,0.064661654,0.088721805,0.022556391,0.02556391,0.030075188,0.09924812,0.060150376,0.039097744,0,0,0
DarrenSchuettler,143081newsML.txt,0.510044643,168.7241379,90.61111111,0.342633929,0.15625,0.050223214,0.095982143,0.017857143,0.018973214,0.022321429,0.102678571,0.0546875,0.045758929,0,0,0
DarrenSchuettler,144044newsML.txt,0.556771546,161.4,96.07142857,0.337893297,0.154582763,0.051983584,0.095759234,0.020519836,0.021887825,0.025991792,0.109439124,0.039671683,0.046511628,0,0,0
DarrenSchuettler,144056newsML.txt,0.587272727,154.2,99.48387097,0.350909091,0.150909091,0.054545455,0.089090909,0.023636364,0.027272727,0.032727273,0.092727273,0.047272727,0.041818182,0,0,0
DarrenSchuettler,144792newsML.txt,0.584558824,152,98.06451613,0.347426471,0.152573529,0.055147059,0.090073529,0.023897059,0.025735294,0.033088235,0.09375,0.045955882,0.042279412,0,0,0
DarrenSchuettler,156181newsML.txt,0.605263158,131.4,49.275,0.323684211,0.118421053,0.057894737,0.078947368,0.097368421,0.021052632,0.021052632,0.126315789,0.042105263,0.05,0,0,0
DarrenSchuettler,159399newsML.txt,0.525925926,144.0666667,93.95652174,0.355555556,0.128395062,0.056790123,0.108641975,0.032098765,0.017283951,0.004938272,0.113580247,0.049382716,0.051851852,0,0,0
DarrenSchuettler,159589newsML.txt,0.607894737,128.1875,45.57777778,0.292105263,0.126315789,0.092105263,0.060526316,0.113157895,0.007894737,0.034210526,0.113157895,0.023684211,0.05,0,0,0
DarrenSchuettler,159595newsML.txt,0.524312896,147.8823529,93.11111111,0.34038055,0.133192389,0.054968288,0.11205074,0.035940803,0.023255814,0.00422833,0.1205074,0.046511628,0.048625793,0,0,0
DarrenSchuettler,161718newsML.txt,0.472627737,154.9,83.72972973,0.332116788,0.149635036,0.089416058,0.085766423,0.020072993,0.016423358,0.02189781,0.111313869,0.038321168,0.040145985,0,0,0
DarrenSchuettler,162018newsML.txt,0.472627737,154.95,83.75675676,0.332116788,0.149635036,0.089416058,0.085766423,0.020072993,0.016423358,0.02189781,0.111313869,0.038321168,0.040145985,0,0,0
DarrenSchuettler,168489newsML.txt,0.474164134,153.0833333,78.17021277,0.314589666,0.141337386,0.106382979,0.080547112,0.041033435,0.024316109,0.024316109,0.118541033,0.02887538,0.045592705,0,0,0
DarrenSchuettler,172235newsML.txt,0.514492754,169.4285714,96.81632653,0.333333333,0.125603865,0.077294686,0.077294686,0.037439614,0.031400966,0.025362319,0.107487923,0.035024155,0.042270531,0,0,0
DarrenSchuettler,174369newsML.txt,0.5,151.1363636,72.2826087,0.324915825,0.143097643,0.104377104,0.080808081,0.035353535,0.023569024,0.023569024,0.117845118,0.025252525,0.045454545,0,0,0
DarrenSchuettler,175068newsML.txt,0.514492754,169.2857143,96.73469388,0.333333333,0.125603865,0.077294686,0.077294686,0.037439614,0.031400966,0.025362319,0.107487923,0.035024155,0.042270531,0,0,0
DarrenSchuettler,181864newsML.txt,0.469184891,160.4375,55.80434783,0.284294235,0.11332008,0.071570577,0.053677932,0.093439364,0.011928429,0.033797217,0.105367793,0.045725646,0.03777336,0,0,0
DarrenSchuettler,202141newsML.txt,0.460348162,167.5882353,69.48780488,0.309477756,0.12959381,0.056092843,0.112185687,0.050290135,0.023210832,0.02901354,0.116054159,0.030947776,0.034816248,0,0,0
DarrenSchuettler,205458newsML.txt,0.483050847,143.4444444,71.72222222,0.31779661,0.139830508,0.05720339,0.105932203,0.038135593,0.027542373,0.031779661,0.116525424,0.033898305,0.040254237,0,0,0
DarrenSchuettler,208913newsML.txt,0.49375,149.7142857,99.80952381,0.315,0.12875,0.07625,0.11,0.03,0.035,0.0225,0.09375,0.03875,0.0475,0,0,0
DarrenSchuettler,213544newsML.txt,0.557613169,154.3529412,109.3333333,0.312757202,0.115226337,0.104938272,0.144032922,0.037037037,0.014403292,0.020576132,0.090534979,0.032921811,0.03909465,0,0,0
DarrenSchuettler,213721newsML.txt,0.467987805,160.7619048,80.38095238,0.323170732,0.118902439,0.074695122,0.070121951,0.073170732,0.018292683,0.024390244,0.105182927,0.030487805,0.032012195,0,0,0
DarrenSchuettler,216814newsML.txt,0.449760766,150.7142857,83.28947368,0.290271132,0.092503987,0.06539075,0.068580542,0.106858054,0.015948963,0.025518341,0.12599681,0.033492823,0.036682616,0,0,0
DarrenSchuettler,219645newsML.txt,0.459044369,126.6,67.34042553,0.293515358,0.083617747,0.098976109,0.066552901,0.107508532,0.023890785,0.030716724,0.104095563,0.035836177,0.049488055,0,0,0
DarrenSchuettler,222130newsML.txt,0.465979381,131.1,69,0.334020619,0.086597938,0.088659794,0.084536082,0.080412371,0.012371134,0.030927835,0.121649485,0.028865979,0.049484536,0,0,0
DarrenSchuettler,224985newsML.txt,0.453030303,149.0869565,85.725,0.322727273,0.101515152,0.072727273,0.05,0.089393939,0.033333333,0.01969697,0.087878788,0.033333333,0.046969697,0,0,0
DarrenSchuettler,233587newsML.txt,0.468992248,152.4117647,68.18421053,0.308139535,0.089147287,0.081395349,0.07751938,0.091085271,0.023255814,0.027131783,0.081395349,0.029069767,0.040697674,0,0,0
DarrenSchuettler,234713newsML.txt,0.460636516,143,69.8372093,0.30318258,0.103852596,0.068676717,0.078726968,0.078726968,0.028475712,0.030150754,0.082077052,0.031825796,0.041876047,0,0,0
DarrenSchuettler,236266newsML.txt,0.559550562,151.875,97.2,0.305617978,0.141573034,0.08988764,0.119101124,0.02247191,0.033707865,0.029213483,0.107865169,0.040449438,0.04494382,0,0,0
DarrenSchuettler,236470newsML.txt,0.471830986,152.6842105,82.88571429,0.309859155,0.077464789,0.079225352,0.056338028,0.116197183,0.019366197,0.014084507,0.107394366,0.045774648,0.035211268,0,0,0
DarrenSchuettler,237697newsML.txt,0.471731449,152.3157895,80.38888889,0.310954064,0.075971731,0.0795053,0.056537102,0.116607774,0.019434629,0.014134276,0.106007067,0.045936396,0.035335689,0,0,0
DarrenSchuettler,245782newsML.txt,0.542134831,154.3846154,91.22727273,0.264044944,0.109550562,0.095505618,0.073033708,0.098314607,0.014044944,0.02247191,0.078651685,0.030898876,0.039325843,0,0,0
DarrenSchuettler,245783newsML.txt,0.522813688,173.875,111.28,0.323193916,0.11026616,0.081749049,0.087452471,0.041825095,0.02851711,0.017110266,0.11026616,0.049429658,0.043726236,0,0,0
DarrenSchuettler,248687newsML.txt,0.537344398,156.5294118,83.15625,0.321576763,0.12033195,0.080912863,0.099585062,0.033195021,0.029045643,0.018672199,0.101659751,0.047717842,0.041493776,0,0,0
DarrenSchuettler,290521newsML.txt,0.488755622,164.7272727,88.3902439,0.326836582,0.109445277,0.068965517,0.077961019,0.070464768,0.026986507,0.023988006,0.098950525,0.025487256,0.037481259,0,0,0
DarrenSchuettler,294932newsML.txt,0.475279107,171.7,79.86046512,0.338118022,0.108452951,0.06539075,0.074960128,0.066985646,0.028708134,0.023923445,0.094098884,0.033492823,0.035087719,0,0,0
DarrenSchuettler,34117newsML.txt,0.446708464,135.25,66.24489796,0.300940439,0.078369906,0.10031348,0.059561129,0.092476489,0.015673981,0.021943574,0.092476489,0.040752351,0.037617555,0,0,0
DarrenSchuettler,348501newsML.txt,0.516865079,159.3142857,129.6744186,0.325396825,0.14484127,0.081349206,0.076388889,0.032738095,0.02281746,0.023809524,0.101190476,0.037698413,0.041666667,0,0,0
DarrenSchuettler,358675newsML.txt,0.52173913,166,119.52,0.328922495,0.13610586,0.085066163,0.069943289,0.037807183,0.020793951,0.018903592,0.103969754,0.037807183,0.035916824,0,0,0
DarrenSchuettler,364638newsML.txt,0.505562423,201.952381,124.7352941,0.302843016,0.137206428,0.091470952,0.082818294,0.027194067,0.032138443,0.024721879,0.105067985,0.044499382,0.0407911,0,0,0
DarrenSchuettler,364643newsML.txt,0.497400347,173.8888889,94.84848485,0.263431542,0.155979203,0.062391681,0.093587522,0.060658579,0.041594454,0.020797227,0.109185442,0.032928943,0.041594454,0,0,0
DarrenSchuettler,377885newsML.txt,0.514516129,185.5789474,113.7419355,0.303225806,0.156451613,0.116129032,0.064516129,0.017741935,0.04516129,0.030645161,0.109677419,0.030645161,0.043548387,0,0,0
DarrenSchuettler,377897newsML.txt,0.473035439,166.0952381,120.2758621,0.294298921,0.147919877,0.095531587,0.104776579,0.030816641,0.033898305,0.021571649,0.098613251,0.033898305,0.040061633,0,0,0
DarrenSchuettler,383585newsML.txt,0.509615385,165.4117647,100.4285714,0.286538462,0.136538462,0.086538462,0.090384615,0.040384615,0.040384615,0.026923077,0.088461538,0.05,0.038461538,0,0,0
DavidLawder,102529newsML.txt,0.455944056,189.1,90.04761905,0.331468531,0.117482517,0.055944056,0.090909091,0.06013986,0.034965035,0.018181818,0.096503497,0.055944056,0.033566434,0,0,0
DavidLawder,105327newsML.txt,0.489159892,196.05,85.23913043,0.333333333,0.127371274,0.074525745,0.089430894,0.020325203,0.029810298,0.031165312,0.090785908,0.062330623,0.031165312,0,0,0
DavidLawder,105756newsML.txt,0.491909385,191.0588235,95.52941176,0.313915858,0.145631068,0.082524272,0.088996764,0.022653722,0.024271845,0.029126214,0.090614887,0.064724919,0.037216828,0,0,0
DavidLawder,105834newsML.txt,0.451798561,158.6086957,88.97560976,0.316546763,0.125179856,0.060431655,0.087769784,0.056115108,0.034532374,0.018705036,0.090647482,0.056115108,0.035971223,0,0,0
DavidLawder,108359newsML.txt,0.50255102,186.7272727,120.8235294,0.31122449,0.132653061,0.068877551,0.102040816,0.053571429,0.028061224,0.028061224,0.102040816,0.053571429,0.028061224,0,0,0
DavidLawder,110108newsML.txt,0.529801325,160.8,73.09090909,0.317880795,0.165562914,0.066225166,0.10816777,0.013245033,0.046357616,0.039735099,0.097130243,0.024282561,0.039735099,0,0,0
DavidLawder,110883newsML.txt,0.494305239,162.2142857,90.84,0.318906606,0.134396355,0.061503417,0.107061503,0.045558087,0.020501139,0.029612756,0.093394077,0.061503417,0.034168565,0,0,0
DavidLawder,113212newsML.txt,0.490106545,158.4090909,89.35897436,0.310502283,0.144596651,0.071537291,0.091324201,0.01826484,0.03805175,0.02130898,0.126331811,0.059360731,0.03652968,0,0,0
DavidLawder,113338newsML.txt,0.490106545,158.3636364,89.33333333,0.310502283,0.144596651,0.071537291,0.091324201,0.01826484,0.03805175,0.02130898,0.126331811,0.059360731,0.03652968,0,0,0
DavidLawder,114353newsML.txt,0.432335329,197.5454545,86.92,0.286227545,0.111377246,0.067065868,0.095808383,0.088622754,0.031137725,0.020359281,0.098203593,0.05508982,0.034730539,0,0,0
DavidLawder,117148newsML.txt,0.491875923,170.4545455,75,0.308714919,0.131462334,0.06351551,0.073855244,0.067946824,0.036927622,0.023633678,0.103397341,0.045790251,0.036927622,0,0,0
DavidLawder,126028newsML.txt,0.547979798,148.5625,91.42307692,0.393939394,0.095959596,0.106060606,0.070707071,0.042929293,0.02020202,0.012626263,0.090909091,0.042929293,0.04040404,0,0,0
DavidLawder,126792newsML.txt,0.462025316,182.3913043,123.3823529,0.297468354,0.14556962,0.083544304,0.082278481,0.037974684,0.04556962,0.02278481,0.082278481,0.055696203,0.037974684,0,0,0
DavidLawder,127143newsML.txt,0.547979798,148.5,91.38461538,0.393939394,0.095959596,0.106060606,0.070707071,0.042929293,0.02020202,0.012626263,0.090909091,0.042929293,0.04040404,0,0,0
DavidLawder,13547newsML.txt,0.497881356,161.1875,99.19230769,0.309322034,0.146186441,0.069915254,0.11440678,0.019067797,0.031779661,0.031779661,0.101694915,0.036016949,0.044491525,0,0,0
DavidLawder,136026newsML.txt,0.532786885,178.5333333,92.34482759,0.323770492,0.137295082,0.057377049,0.114754098,0.024590164,0.043032787,0.024590164,0.100409836,0.045081967,0.034836066,0,0,0
DavidLawder,140545newsML.txt,0.483979764,140.3913043,115.3214286,0.34232715,0.141652614,0.048903879,0.124789207,0.035413153,0.02698145,0.015177066,0.124789207,0.038785835,0.042158516,0,0,0
DavidLawder,142715newsML.txt,0.461200586,195.8421053,97.92105263,0.326500732,0.150805271,0.065885798,0.108345534,0.027818448,0.029282577,0.033674963,0.109809663,0.035139092,0.035139092,0,0,0
DavidLawder,144031newsML.txt,0.461200586,195.8947368,97.94736842,0.326500732,0.150805271,0.065885798,0.108345534,0.027818448,0.029282577,0.033674963,0.109809663,0.035139092,0.035139092,0,0,0
DavidLawder,144314newsML.txt,0.483979764,140.3913043,115.3214286,0.34232715,0.141652614,0.048903879,0.124789207,0.035413153,0.02698145,0.015177066,0.124789207,0.038785835,0.042158516,0,0,0
DavidLawder,145801newsML.txt,0.468112245,177.7916667,104.0731707,0.340561224,0.12755102,0.066326531,0.095663265,0.036989796,0.022959184,0.031887755,0.121173469,0.044642857,0.031887755,0,0,0
DavidLawder,146321newsML.txt,0.521891419,185.2352941,104.9666667,0.327495622,0.131348511,0.073555166,0.092819615,0.04028021,0.026269702,0.031523643,0.129597198,0.03502627,0.031523643,0,0,0
DavidLawder,146470newsML.txt,0.496884735,186.2105263,110.5625,0.327102804,0.135514019,0.07165109,0.091900312,0.037383178,0.024922118,0.035825545,0.129283489,0.035825545,0.031152648,0,0,0
DavidLawder,148055newsML.txt,0.482638889,172.3888889,83.86486486,0.321180556,0.170138889,0.055555556,0.09375,0.020833333,0.024305556,0.026041667,0.098958333,0.048611111,0.039930556,0,0,0
DavidLawder,148087newsML.txt,0.513402062,201.6923077,119.1818182,0.33814433,0.119587629,0.074226804,0.107216495,0.022680412,0.030927835,0.026804124,0.115463918,0.055670103,0.030927835,0,0,0
DavidLawder,148215newsML.txt,0.481975968,175.9565217,101.175,0.307076101,0.14953271,0.076101469,0.098798398,0.016021362,0.032042724,0.028037383,0.1188251,0.036048064,0.040053405,0,0,0
DavidLawder,148624newsML.txt,0.482638889,172.4444444,83.89189189,0.321180556,0.170138889,0.055555556,0.09375,0.020833333,0.024305556,0.026041667,0.098958333,0.048611111,0.039930556,0,0,0
DavidLawder,150717newsML.txt,0.52079566,161.3684211,90.17647059,0.338155515,0.148282098,0.068716094,0.077757685,0.03074141,0.019891501,0.025316456,0.112115732,0.056057866,0.037974684,0,0,0
DavidLawder,153794newsML.txt,0.481049563,210.5,114.8181818,0.360058309,0.134110787,0.084548105,0.088921283,0.018950437,0.027696793,0.026239067,0.10787172,0.048104956,0.037900875,0,0,0
DavidLawder,154150newsML.txt,0.473282443,191.0869565,95.54347826,0.351145038,0.127226463,0.082697201,0.094147583,0.026717557,0.022900763,0.025445293,0.109414758,0.05216285,0.036895674,0,0,0
DavidLawder,154151newsML.txt,0.473291925,178.24,94.80851064,0.359006211,0.130434783,0.077018634,0.094409938,0.023602484,0.021118012,0.026086957,0.111801242,0.044720497,0.039751553,0,0,0
DavidLawder,15588newsML.txt,0.471121178,189.2,127.8378378,0.286523216,0.142695357,0.080407701,0.115515289,0.023782559,0.037372593,0.033975085,0.08380521,0.054360136,0.038505096,0,0,0
DavidLawder,156769newsML.txt,0.475675676,215.1052632,97.30952381,0.360810811,0.121621622,0.064864865,0.077027027,0.031081081,0.02027027,0.027027027,0.105405405,0.063513514,0.036486486,0,0,0
DavidLawder,156823newsML.txt,0.508580343,181.8421053,86.375,0.36349454,0.109204368,0.074882995,0.087363495,0.035881435,0.023400936,0.028081123,0.098283931,0.057722309,0.031201248,0,0,0
DavidLawder,157447newsML.txt,0.476493011,195.3636364,99.95348837,0.351969504,0.133418043,0.074968234,0.07750953,0.030495553,0.022871665,0.027954257,0.113087675,0.054637865,0.033036849,0,0,0
DavidLawder,157860newsML.txt,0.47755102,179.9090909,94.23809524,0.353741497,0.13877551,0.062585034,0.072108844,0.029931973,0.020408163,0.027210884,0.11292517,0.058503401,0.034013605,0,0,0
DavidLawder,159135newsML.txt,0.5218509,161.7692308,91.43478261,0.336760925,0.179948586,0.038560411,0.082262211,0.030848329,0.023136247,0.030848329,0.100257069,0.033419023,0.035989717,0,0,0
DavidLawder,160026newsML.txt,0.474184783,168.2173913,101.8157895,0.335597826,0.160326087,0.043478261,0.082880435,0.044836957,0.027173913,0.032608696,0.107336957,0.061141304,0.032608696,0,0,0
DavidLawder,160411newsML.txt,0.484011628,182.8571429,93.65853659,0.353197674,0.123546512,0.07122093,0.063953488,0.031976744,0.026162791,0.024709302,0.106104651,0.068313953,0.039244186,0,0,0
DavidLawder,160765newsML.txt,0.564102564,175.4666667,87.73333333,0.35042735,0.121794872,0.074786325,0.087606838,0.023504274,0.02991453,0.027777778,0.11965812,0.057692308,0.040598291,0,0,0
DavidLawder,161720newsML.txt,0.528109029,184.9411765,112.2857143,0.298126065,0.136286201,0.069846678,0.107325383,0.032367973,0.032367973,0.02725724,0.119250426,0.049403748,0.03407155,0,0,0
DavidLawder,161907newsML.txt,0.485924113,202,111.1,0.310893513,0.138310894,0.079559364,0.094247246,0.033047736,0.022031824,0.026927785,0.113831089,0.045287638,0.039167687,0,0,0
DavidLawder,161920newsML.txt,0.474934037,182.7727273,105.8157895,0.34828496,0.137203166,0.064643799,0.07651715,0.046174142,0.019788918,0.026385224,0.104221636,0.065963061,0.03298153,0,0,0
DavidLawder,162027newsML.txt,0.495104895,182.6190476,100.9210526,0.34965035,0.13006993,0.061538462,0.071328671,0.044755245,0.026573427,0.018181818,0.125874126,0.06993007,0.032167832,0,0,0
DavidLawder,162152newsML.txt,0.51055409,209.2,119.5428571,0.317941953,0.134564644,0.08707124,0.08707124,0.031662269,0.025065963,0.022427441,0.110817942,0.052770449,0.035620053,0,0,0
DavidLawder,162531newsML.txt,0.5,211.8333333,103.0540541,0.345505618,0.127808989,0.084269663,0.088483146,0.023876404,0.018258427,0.032303371,0.110955056,0.061797753,0.030898876,0,0,0
DavidLawder,163873newsML.txt,0.514993481,180.9130435,109.5,0.363754889,0.126466754,0.071707953,0.09517601,0.032594524,0.020860495,0.031290743,0.087353325,0.043024772,0.032594524,0,0,0
DavidLawder,164658newsML.txt,0.483353884,216.5,103.0952381,0.335388409,0.134401973,0.07891492,0.088779285,0.020961776,0.024660912,0.035758323,0.104808878,0.060419236,0.033292232,0,0,0
DavidLawder,170305newsML.txt,0.506309148,217,91.36842105,0.32807571,0.110410095,0.089905363,0.086750789,0.03785489,0.028391167,0.025236593,0.121451104,0.048895899,0.034700315,0,0,0
DavidLawder,173935newsML.txt,0.462165308,200.4782609,104.7954545,0.292200233,0.154831199,0.071012806,0.100116414,0.034924331,0.032596042,0.038416764,0.110593714,0.041909197,0.038416764,0,0,0
EdnaFernandes,10193newsML.txt,0.583710407,159.4,79.7,0.312217195,0.133484163,0.061085973,0.083710407,0.040723982,0.033936652,0.015837104,0.108597285,0.045248869,0.042986425,0,0,0
EdnaFernandes,10264newsML.txt,0.508264463,161.5,80.75,0.309917355,0.134986226,0.05922865,0.084022039,0.046831956,0.038567493,0.017906336,0.114325069,0.035812672,0.042699725,0,0,0
EdnaFernandes,116448newsML.txt,0.565762004,180,117.3913043,0.344467641,0.137787056,0.083507307,0.064718163,0.035490605,0.018789144,0.035490605,0.121085595,0.041753653,0.033402923,0,0,0
EdnaFernandes,117960newsML.txt,0.636042403,158.4,105.6,0.335689046,0.127208481,0.109540636,0.091872792,0.010600707,0.028268551,0.014134276,0.144876325,0.042402827,0.028268551,0,0,0
EdnaFernandes,119734newsML.txt,0.512738854,189.7777778,106.75,0.25477707,0.171974522,0.063694268,0.092356688,0.071656051,0.031847134,0.020700637,0.092356688,0.030254777,0.042993631,0,0,0
EdnaFernandes,121318newsML.txt,0.499085923,191.5,105.6551724,0.268738574,0.173674589,0.069469835,0.095063985,0.065813528,0.02559415,0.023765996,0.113345521,0.036563071,0.036563071,0,0,0
EdnaFernandes,121324newsML.txt,0.540145985,139.625,111.7,0.265206813,0.163017032,0.055961071,0.102189781,0.0486618,0.02919708,0.03892944,0.119221411,0.02676399,0.04622871,0,0,0
EdnaFernandes,122988newsML.txt,0.496240602,147.3571429,137.5333333,0.26566416,0.165413534,0.060150376,0.087719298,0.027568922,0.030075188,0.030075188,0.137844612,0.035087719,0.037593985,0,0,0
EdnaFernandes,126166newsML.txt,0.531177829,152.6666667,109.047619,0.286374134,0.133949192,0.073903002,0.076212471,0.057736721,0.016166282,0.013856813,0.120092379,0.025404157,0.036951501,0,0,0
EdnaFernandes,126175newsML.txt,0.502695418,171.2083333,132.5483871,0.30458221,0.164420485,0.066037736,0.10916442,0.02425876,0.043126685,0.020215633,0.110512129,0.02425876,0.040431267,0,0,0
EdnaFernandes,126181newsML.txt,0.552325581,134.4615385,92,0.270348837,0.145348837,0.069767442,0.093023256,0.026162791,0.031976744,0.020348837,0.125,0.043604651,0.043604651,0,0,0
EdnaFernandes,127410newsML.txt,0.532307692,126.7142857,77.13043478,0.270769231,0.169230769,0.067692308,0.089230769,0.052307692,0.033846154,0.033846154,0.116923077,0.04,0.036923077,0,0,0
EdnaFernandes,134642newsML.txt,0.575757576,145.9411765,68.91666667,0.292207792,0.134199134,0.077922078,0.0995671,0.056277056,0.03030303,0.023809524,0.112554113,0.015151515,0.04978355,0,0,0
EdnaFernandes,134683newsML.txt,0.708737864,186,139.5,0.32038835,0.174757282,0.038834951,0.097087379,0.058252427,0.029126214,0.038834951,0.106796117,0.029126214,0.029126214,0,0,0
EdnaFernandes,138342newsML.txt,0.610526316,153,63,0.352631579,0.110526316,0.1,0.110526316,0.036842105,0.026315789,0.026315789,0.089473684,0.021052632,0.052631579,0,0,0
EdnaFernandes,141414newsML.txt,0.513888889,172.25,91.86666667,0.31547619,0.168650794,0.057539683,0.097222222,0.007936508,0.043650794,0.017857143,0.109126984,0.037698413,0.047619048,0,0,0
EdnaFernandes,15633newsML.txt,0.500818331,157,99.90909091,0.304418985,0.163666121,0.05400982,0.096563011,0.047463175,0.031096563,0.022913257,0.101472995,0.027823241,0.045826514,0,0,0
EdnaFernandes,15644newsML.txt,0.506935687,155.6785714,124.5428571,0.310214376,0.151324086,0.078184111,0.090794451,0.008827238,0.04035309,0.016393443,0.110970996,0.039092055,0.042875158,0,0,0
EdnaFernandes,17343newsML.txt,0.581081081,138.3333333,103.75,0.337837838,0.158783784,0.050675676,0.074324324,0.033783784,0.033783784,0.016891892,0.097972973,0.02027027,0.047297297,0,0,0
EdnaFernandes,17663newsML.txt,0.556164384,165.8333333,110.5555556,0.295890411,0.15890411,0.057534247,0.117808219,0.030136986,0.024657534,0.021917808,0.112328767,0.035616438,0.035616438,0,0,0
EdnaFernandes,178869newsML.txt,0.485893417,185.5555556,101.2121212,0.255485893,0.159874608,0.078369906,0.087774295,0.036050157,0.021943574,0.032915361,0.117554859,0.034482759,0.042319749,0,0,0
EdnaFernandes,179688newsML.txt,0.497607656,185.2222222,107.5483871,0.264752791,0.162679426,0.074960128,0.089314195,0.03030303,0.022328549,0.033492823,0.119617225,0.031897927,0.043062201,0,0,0
EdnaFernandes,18224newsML.txt,0.495747266,155.2758621,128.6571429,0.304981774,0.155528554,0.074119077,0.093560146,0.008505468,0.036452005,0.017010936,0.110571081,0.044957473,0.041312272,0,0,0
EdnaFernandes,183674newsML.txt,0.757575758,179.6666667,77,0.343434343,0.161616162,0.080808081,0.090909091,0,0.02020202,0.03030303,0.080808081,0.03030303,0.03030303,0,0,0
EdnaFernandes,183684newsML.txt,0.510282776,178.2173913,85.39583333,0.289203085,0.151670951,0.05655527,0.07840617,0.03470437,0.038560411,0.028277635,0.109254499,0.029562982,0.050128535,0,0,0
EdnaFernandes,191766newsML.txt,0.487062405,155.2173913,93.94736842,0.327245053,0.136986301,0.04261796,0.118721461,0.03348554,0.02891933,0.0152207,0.127853881,0.04414003,0.04261796,0,0,0
EdnaFernandes,191925newsML.txt,0.56916996,152.3333333,97.92857143,0.367588933,0.146245059,0.015810277,0.090909091,0.055335968,0.031620553,0.015810277,0.083003953,0.059288538,0.043478261,0,0,0
EdnaFernandes,195876newsML.txt,0.490013316,184.0909091,103.8461538,0.28229028,0.145139814,0.065246338,0.085219707,0.045272969,0.050599201,0.022636485,0.114513981,0.042609854,0.042609854,0,0,0
EdnaFernandes,199220newsML.txt,0.472483221,185.7727273,110.4594595,0.297986577,0.174496644,0.056375839,0.09261745,0.030872483,0.048322148,0.020134228,0.100671141,0.024161074,0.044295302,0,0,0
EdnaFernandes,199226newsML.txt,0.482065997,163,117.15625,0.288378766,0.180774749,0.050215208,0.087517934,0.031563845,0.047345768,0.025824964,0.098995696,0.025824964,0.040172166,0,0,0
EdnaFernandes,202011newsML.txt,0.495881384,151.0454545,107.1935484,0.317957166,0.144975288,0.047775947,0.113673806,0.031301483,0.029654036,0.014827018,0.123558484,0.052718287,0.042833608,0,0,0
EdnaFernandes,202020newsML.txt,0.523031204,170.8571429,105.5294118,0.277860327,0.158989599,0.050520059,0.092124814,0.049034175,0.044576523,0.022288262,0.12332838,0.035661218,0.044576523,0,0,0
EdnaFernandes,203933newsML.txt,0.569958848,153.4117647,108.6666667,0.283950617,0.16255144,0.047325103,0.086419753,0.037037037,0.051440329,0.018518519,0.119341564,0.032921811,0.04526749,0,0,0
EdnaFernandes,206049newsML.txt,0.529113924,147.0714286,79.19230769,0.308860759,0.111392405,0.06835443,0.070886076,0.098734177,0.015189873,0.020253165,0.111392405,0.040506329,0.032911392,0,0,0
EdnaFernandes,207536newsML.txt,0.567058824,181,147.0625,0.324705882,0.143529412,0.070588235,0.110588235,0.04,0.021176471,0.030588235,0.108235294,0.049411765,0.028235294,0,0,0
EdnaFernandes,214915newsML.txt,0.487341772,166.875,95.35714286,0.312236287,0.126582278,0.052742616,0.11814346,0.088607595,0.023206751,0.029535865,0.124472574,0.025316456,0.035864979,0,0,0
EdnaFernandes,214995newsML.txt,0.550432277,162.5,114.7058824,0.334293948,0.141210375,0.066282421,0.097982709,0.037463977,0.043227666,0.023054755,0.100864553,0.040345821,0.040345821,0,0,0
EdnaFernandes,216658newsML.txt,0.461273666,135.2173913,115.1851852,0.287435456,0.134251291,0.067125645,0.104991394,0.04475043,0.029259897,0.029259897,0.12908778,0.030981067,0.037865749,0,0,0
EdnaFernandes,219541newsML.txt,0.566820276,153.4375,122.75,0.301843318,0.18202765,0.066820276,0.092165899,0.036866359,0.032258065,0.041474654,0.085253456,0.025345622,0.041474654,0,0,0
EdnaFernandes,220686newsML.txt,0.558035714,146.3529412,113.0909091,0.292410714,0.176339286,0.066964286,0.091517857,0.046875,0.03125,0.040178571,0.082589286,0.024553571,0.040178571,0,0,0
EdnaFernandes,222272newsML.txt,0.43559322,169.7058824,48.08333333,0.259322034,0.094915254,0.040677966,0.072881356,0.166101695,0.015254237,0.013559322,0.088135593,0.028813559,0.038983051,0,0,0
EdnaFernandes,223143newsML.txt,0.489495798,149.5882353,66.92105263,0.31512605,0.119747899,0.052521008,0.090336134,0.119747899,0.018907563,0.014705882,0.113445378,0.031512605,0.048319328,0,0,0
EdnaFernandes,223214newsML.txt,0.526785714,170.7222222,139.6818182,0.321428571,0.148214286,0.053571429,0.1,0.039285714,0.026785714,0.025,0.110714286,0.039285714,0.032142857,0,0,0
EdnaFernandes,223786newsML.txt,0.752688172,170,127.5,0.344086022,0.107526882,0.053763441,0.075268817,0.064516129,0.021505376,0.021505376,0.139784946,0.053763441,0.032258065,0,0,0
EdnaFernandes,225499newsML.txt,0.4743083,158.8235294,84.375,0.296442688,0.122529644,0.071146245,0.110671937,0.079051383,0.007905138,0.017786561,0.100790514,0.035573123,0.033596838,0,0,0
EdnaFernandes,225507newsML.txt,0.477083333,150.8823529,111.5217391,0.3125,0.135416667,0.064583333,0.10625,0.058333333,0.0125,0.03125,0.104166667,0.03125,0.04375,0,0,0
EdnaFernandes,225609newsML.txt,0.523255814,165.875,102.0769231,0.298449612,0.143410853,0.058139535,0.089147287,0.081395349,0.007751938,0.031007752,0.093023256,0.03875969,0.046511628,0,0,0
EdnaFernandes,225917newsML.txt,0.474545455,155.9473684,95.58064516,0.310909091,0.134545455,0.069090909,0.114545455,0.065454545,0.009090909,0.021818182,0.105454545,0.030909091,0.034545455,0,0,0
EdnaFernandes,230515newsML.txt,0.557522124,163.0833333,122.3125,0.289085546,0.123893805,0.079646018,0.109144543,0.064896755,0.029498525,0.002949853,0.135693215,0.04719764,0.029498525,0,0,0
EdnaFernandes,230517newsML.txt,0.523049645,201.375,111.1034483,0.276595745,0.14893617,0.074468085,0.117021277,0.04964539,0.031914894,0.012411348,0.125886525,0.039007092,0.033687943,0,0,0
EricAuchard,100385newsML.txt,0.491773309,158.75,81.41025641,0.349177331,0.148080439,0.042047532,0.087751371,0.027422303,0.018281536,0.018281536,0.10786106,0.045703839,0.049360146,0,0,0
EricAuchard,101678newsML.txt,0.808510638,135.25,135.25,0.29787234,0.180851064,0.106382979,0.063829787,0,0.053191489,0.031914894,0.117021277,0.042553191,0.031914894,0,0,0
EricAuchard,111437newsML.txt,0.469820555,160.952381,96.57142857,0.298531811,0.13050571,0.070146819,0.091353997,0.053833605,0.029363785,0.024469821,0.125611746,0.044045677,0.03588907,0,0,0
EricAuchard,115060newsML.txt,0.482466747,176.1111111,101.1702128,0.332527207,0.160822249,0.068923821,0.07617896,0.012091898,0.026602177,0.032648126,0.097944377,0.058041112,0.039903265,0,0,0
EricAuchard,116212newsML.txt,0.470657277,180.1153846,111.5,0.334507042,0.122065728,0.063380282,0.071596244,0.055164319,0.044600939,0.017605634,0.138497653,0.051643192,0.038732394,0,0,0
EricAuchard,117213newsML.txt,0.537190083,150.4444444,69.43589744,0.33677686,0.117768595,0.084710744,0.078512397,0.051652893,0.022727273,0.020661157,0.119834711,0.033057851,0.041322314,0,0,0
EricAuchard,119233newsML.txt,0.622340426,159.4285714,124,0.367021277,0.154255319,0.058510638,0.106382979,0.010638298,0.010638298,0.015957447,0.127659574,0.005319149,0.042553191,0,0,0
EricAuchard,120484newsML.txt,0.478873239,160.5652174,115.40625,0.306729264,0.147104851,0.081377152,0.098591549,0.029733959,0.020344288,0.037558685,0.106416275,0.03599374,0.039123631,0,0,0
EricAuchard,121521newsML.txt,0.53814433,150.5555556,71.31578947,0.336082474,0.117525773,0.084536082,0.078350515,0.051546392,0.022680412,0.020618557,0.121649485,0.032989691,0.041237113,0,0,0
EricAuchard,12877newsML.txt,0.466367713,188.2857143,131.8,0.358744395,0.140508221,0.077727952,0.098654709,0.00896861,0.029895366,0.041853513,0.08819133,0.040358744,0.034379671,0,0,0
EricAuchard,13068newsML.txt,0.48,174.4090909,153.48,0.375384615,0.147692308,0.072307692,0.093846154,0.012307692,0.024615385,0.027692308,0.089230769,0.035384615,0.036923077,0,0,0
EricAuchard,13069newsML.txt,0.495145631,162.5789474,162.5789474,0.390291262,0.147572816,0.058252427,0.077669903,0.011650485,0.033009709,0.033009709,0.087378641,0.038834951,0.033009709,0,0,0
EricAuchard,133874newsML.txt,0.493991989,159.1923077,125.4242424,0.312416555,0.150867824,0.073431242,0.086782377,0.034712951,0.036048064,0.017356475,0.129506008,0.048064085,0.037383178,0,0,0
EricAuchard,13415newsML.txt,0.447534766,170,93.67346939,0.323640961,0.130214918,0.112515803,0.078381795,0.021491783,0.03034134,0.027812895,0.10619469,0.048040455,0.037926675,0,0,0
EricAuchard,13583newsML.txt,0.452681388,166.6818182,99.10810811,0.310725552,0.134069401,0.110410095,0.078864353,0.02681388,0.033123028,0.02681388,0.113564669,0.045741325,0.039432177,0,0,0
EricAuchard,139624newsML.txt,0.549575071,194.1428571,123.5454545,0.338526912,0.147308782,0.076487252,0.082152975,0.015580737,0.036827195,0.02407932,0.100566572,0.04815864,0.038243626,0,0,0
EricAuchard,14573newsML.txt,0.44988345,185.1481481,108.673913,0.319347319,0.136363636,0.107226107,0.085081585,0.03030303,0.026806527,0.029137529,0.118881119,0.045454545,0.033799534,0,0,0
EricAuchard,147596newsML.txt,0.456053068,164.75,78.45238095,0.328358209,0.122719735,0.101160862,0.097844113,0.028192371,0.029850746,0.013266998,0.132669983,0.048092869,0.036484245,0,0,0
EricAuchard,149671newsML.txt,0.451162791,183.3076923,158.8666667,0.33255814,0.144186047,0.068604651,0.087209302,0.019767442,0.030232558,0.027906977,0.109302326,0.056976744,0.031395349,0,0,0
EricAuchard,151452newsML.txt,0.463479416,182.625,136.96875,0.343957503,0.173970784,0.075697211,0.073041169,0.003984064,0.022576361,0.04249668,0.092961487,0.049136786,0.033200531,0,0,0
EricAuchard,152722newsML.txt,0.517453799,150.6111111,142.6842105,0.330595483,0.162217659,0.055441478,0.090349076,0.022587269,0.018480493,0.022587269,0.133470226,0.045174538,0.034907598,0,0,0
EricAuchard,157435newsML.txt,0.512630015,177.7619048,100.8918919,0.346210996,0.109955423,0.074294205,0.078751857,0.037147103,0.03268945,0.02526003,0.104011887,0.049034175,0.038632987,0,0,0
EricAuchard,157855newsML.txt,0.529042386,175.25,97.36111111,0.342229199,0.113029827,0.075353218,0.075353218,0.039246468,0.03610675,0.023547881,0.098901099,0.051805338,0.039246468,0,0,0
EricAuchard,162159newsML.txt,0.471142521,261.8421053,101.5306122,0.335689046,0.131919906,0.081272085,0.083627797,0.02237927,0.040047114,0.032979976,0.111896349,0.03180212,0.029446408,0,0,0
EricAuchard,172851newsML.txt,0.475935829,183.7647059,97.625,0.317290553,0.13368984,0.112299465,0.08912656,0.017825312,0.016042781,0.024955437,0.112299465,0.057040998,0.037433155,0,0,0
EricAuchard,175415newsML.txt,0.476950355,175.1111111,108.6896552,0.319148936,0.129432624,0.111702128,0.086879433,0.019503546,0.017730496,0.024822695,0.111702128,0.058510638,0.037234043,0,0,0
EricAuchard,18223newsML.txt,0.445603577,187.2,104,0.302533532,0.137108793,0.073025335,0.098360656,0.034277198,0.041728763,0.031296572,0.119225037,0.049180328,0.035767511,0,0,0
EricAuchard,183344newsML.txt,0.755813953,120,96,0.302325581,0.151162791,0.046511628,0.046511628,0.081395349,0.046511628,0.046511628,0.127906977,0.058139535,0.046511628,0,0,0
EricAuchard,183534newsML.txt,0.580808081,161,107.3333333,0.343434343,0.121212121,0.047979798,0.073232323,0.075757576,0.042929293,0.032828283,0.083333333,0.075757576,0.04040404,0,0,0
EricAuchard,183828newsML.txt,0.477031802,198.7307692,112.326087,0.354534747,0.157832744,0.081272085,0.08598351,0.011778563,0.02237927,0.017667845,0.106007067,0.056537102,0.034157833,0,0,0
EricAuchard,186282newsML.txt,0.500805153,145.8333333,116.6666667,0.333333333,0.128824477,0.088566828,0.093397746,0.024154589,0.020933977,0.017713366,0.122383253,0.049919485,0.041867955,0,0,0
EricAuchard,18802newsML.txt,0.477591036,177.7391304,131.8709677,0.329131653,0.152661064,0.067226891,0.081232493,0.032212885,0.039215686,0.037815126,0.110644258,0.035014006,0.040616246,0,0,0
EricAuchard,191274newsML.txt,0.502529511,147.6190476,106.8965517,0.323777403,0.134907251,0.059021922,0.089376054,0.028667791,0.045531197,0.02529511,0.107925801,0.053962901,0.040472175,0,0,0
EricAuchard,203838newsML.txt,0.445033113,187.3333333,121.5135135,0.405298013,0.119205298,0.062251656,0.064900662,0.02384106,0.02781457,0.030463576,0.096688742,0.038410596,0.034437086,0,0,0
EricAuchard,205742newsML.txt,0.464824121,172.3076923,99.55555556,0.304020101,0.126884422,0.066582915,0.074120603,0.041457286,0.030150754,0.021356784,0.104271357,0.064070352,0.047738693,0,0,0
EricAuchard,209979newsML.txt,0.521126761,183.8235294,80.12820513,0.309859155,0.139084507,0.063380282,0.080985915,0.042253521,0.045774648,0.036971831,0.112676056,0.051056338,0.033450704,0,0,0
EricAuchard,210069newsML.txt,0.520525452,180.3157895,126.8888889,0.323481117,0.136288998,0.064039409,0.073891626,0.054187192,0.032840722,0.037766831,0.124794745,0.047619048,0.031198686,0,0,0
EricAuchard,210631newsML.txt,0.469845722,174.2608696,93.20930233,0.307152875,0.12342216,0.085553997,0.072931276,0.032258065,0.03085554,0.026647966,0.103786816,0.060308555,0.04628331,0,0,0
EricAuchard,216338newsML.txt,0.633333333,164.4285714,127.8888889,0.295238095,0.138095238,0.066666667,0.1,0.047619048,0.038095238,0.052380952,0.123809524,0.042857143,0.038095238,0,0,0
EricAuchard,217358newsML.txt,0.526923077,166,103.0344828,0.323076923,0.130769231,0.071153846,0.103846154,0.042307692,0.028846154,0.023076923,0.125,0.044230769,0.034615385,0,0,0
EricAuchard,227670newsML.txt,0.653968254,160.6363636,117.8,0.323809524,0.13968254,0.073015873,0.076190476,0.06031746,0.038095238,0.034920635,0.073015873,0.06031746,0.038095238,0,0,0
EricAuchard,230274newsML.txt,0.464839094,190.5833333,142.9375,0.288438617,0.147794994,0.089392133,0.091775924,0.023837902,0.033373063,0.038140644,0.110846246,0.054827175,0.035756853,0,0,0
EricAuchard,231241newsML.txt,0.533880903,176.6666667,120.4545455,0.277207392,0.174537988,0.073921971,0.082135524,0.026694045,0.04312115,0.047227926,0.0862423,0.047227926,0.036960986,0,0,0
EricAuchard,233319newsML.txt,0.535416667,146.7222222,91.06896552,0.3125,0.145833333,0.066666667,0.075,0.04375,0.027083333,0.025,0.10625,0.04375,0.04375,0,0,0
EricAuchard,260570newsML.txt,0.472636816,164.3846154,101.7619048,0.350746269,0.121890547,0.062189055,0.07960199,0.039800995,0.017412935,0.019900498,0.141791045,0.039800995,0.039800995,0,0,0
EricAuchard,261502newsML.txt,0.467857143,163.7777778,92.125,0.319642857,0.132142857,0.057142857,0.064285714,0.051785714,0.026785714,0.023214286,0.130357143,0.046428571,0.0375,0,0,0
EricAuchard,263257newsML.txt,0.56,149.2,149.2,0.308235294,0.150588235,0.063529412,0.08,0.04,0.021176471,0.032941176,0.101176471,0.072941176,0.032941176,0,0,0
EricAuchard,264271newsML.txt,0.534042553,156.375,64.15384615,0.304255319,0.153191489,0.070212766,0.080851064,0.036170213,0.017021277,0.038297872,0.09787234,0.053191489,0.034042553,0,0,0
EricAuchard,288069newsML.txt,0.529636711,155,117.8,0.334608031,0.145315488,0.07456979,0.086042065,0.024856597,0.034416826,0.034416826,0.09751434,0.036328872,0.040152964,0,0,0
EricAuchard,292697newsML.txt,0.464088398,192.6923077,96.34615385,0.303867403,0.154696133,0.051933702,0.086187845,0.034254144,0.039779006,0.032044199,0.114917127,0.035359116,0.037569061,0,0,0
